Date,Open,High,Low,Close,Adj Close,Volume,Weekday,OP/CL,Missed Weekday,Missed date
02/01/2015,23.728956,23.92256,23.455387,23.657408,23.657408,5901200,Friday,CL,,
05/01/2015,23.505892,23.670034,23.27441,23.459597,23.459597,7447000,Monday,OP,,
06/01/2015,23.484848,23.484848,23.017677,23.156565,23.156565,9649300,Tuesday,,,
07/01/2015,23.223906,23.350168,22.912458,23.118687,23.118687,9251500,Wednesday,,,
08/01/2015,23.27862,23.74579,23.27441,23.741583,23.741583,10238400,Thursday,,,
09/01/2015,23.703703,23.75,23.358585,23.4133,23.4133,6985100,Friday,CL,,
12/01/2015,23.425926,23.505892,23.135521,23.232323,23.232323,4542000,Monday,OP,,
13/01/2015,23.493265,23.737373,23.114479,23.202862,23.202862,6468400,Tuesday,,,
14/01/2015,22.882998,23.034512,22.525253,22.739899,22.739899,10080900,Wednesday,,,
15/01/2015,22.798822,22.857744,22.285353,22.314816,22.314816,11704400,Thursday,,,
16/01/2015,22.276936,22.706228,22.205387,22.584175,22.584175,9823600,Friday,CL,,
20/01/2015,22.685184,22.756735,22.272728,22.592592,22.592592,8202100,Tuesday,OP,Monday,19/01/2015
21/01/2015,22.478956,22.718855,22.369528,22.46633,22.46633,15990800,Wednesday,,,
22/01/2015,23.223906,24.0867,23.14394,24.05303,24.05303,29893300,Thursday,,,
23/01/2015,23.985691,24.107744,23.703703,23.888889,23.888889,13346800,Friday,CL,,
26/01/2015,23.724747,23.960438,23.497475,23.594276,23.594276,10291000,Monday,OP,,
27/01/2015,23.367002,23.468014,23.00926,23.017677,23.017677,9527400,Tuesday,,,
28/01/2015,23.169191,23.265993,22.638889,22.659933,22.659933,8592900,Wednesday,,,
29/01/2015,22.622053,22.752525,22.449495,22.710438,22.710438,6348800,Thursday,,,
30/01/2015,22.664141,22.752525,22.289562,22.306396,22.306396,10509300,Friday,CL,,
02/02/2015,22.352694,22.689394,22.112795,22.605219,22.605219,7796700,Monday,OP,,
03/02/2015,22.689394,22.93771,22.680977,22.832491,22.832491,7394200,Tuesday,,,
04/02/2015,22.765152,22.887205,22.521044,22.605219,22.605219,6839900,Wednesday,,,
05/02/2015,22.664141,22.941919,22.605219,22.849327,22.849327,6175000,Thursday,,,
06/02/2015,22.811447,23.10606,22.752525,22.93771,22.93771,7952100,Friday,CL,,
09/02/2015,22.731482,23.076599,22.731482,22.866161,22.866161,4297100,Monday,OP,,
10/02/2015,22.912458,23.388046,22.676767,23.261784,23.261784,10928500,Tuesday,,,
11/02/2015,23.324915,23.337542,23.000841,23.207071,23.207071,6225400,Wednesday,,,
12/02/2015,23.417509,23.421717,23.017677,23.038721,23.038721,8954500,Thursday,,,
13/02/2015,23.156565,23.825758,23.148148,23.766834,23.766834,10285400,Friday,CL,,
17/02/2015,23.640572,23.762627,23.489058,23.74579,23.74579,7448400,Tuesday,OP,Monday,16/02/2015
18/02/2015,23.733166,23.985691,23.699495,23.947811,23.947811,5898400,Wednesday,,,
19/02/2015,23.977272,24.284512,23.75,24.263468,24.263468,7792200,Thursday,,,
20/02/2015,24.271885,24.431818,24.099327,24.419191,24.419191,7009700,Friday,CL,,
23/02/2015,24.343435,24.6633,24.301348,24.440235,24.440235,8120300,Monday,OP,,
24/02/2015,24.440235,24.638046,24.35606,24.579124,24.579124,5034000,Tuesday,,,
25/02/2015,24.638046,24.6633,24.398148,24.558081,24.558081,7677700,Wednesday,,,
26/02/2015,24.507576,24.772728,24.499159,24.638046,24.638046,5710800,Thursday,,,
27/02/2015,24.69697,24.705387,24.301348,24.372896,24.372896,6269500,Friday,CL,,
02/03/2015,24.22138,24.688553,24.22138,24.570707,24.570707,6490800,Monday,OP,,
03/03/2015,24.56229,24.675926,24.414984,24.520203,24.520203,4903900,Tuesday,,,
04/03/2015,24.351852,24.747475,24.246634,24.541246,24.541246,5784500,Wednesday,,,
05/03/2015,24.52862,24.953703,24.52862,24.86532,24.86532,6882900,Thursday,,,
06/03/2015,24.873737,25.450336,24.840067,25.197811,25.197811,13804800,Friday,CL,,
09/03/2015,25.197811,25.64394,25.138889,25.593435,25.593435,13773800,Monday,OP,,
10/03/2015,25.273569,25.462963,24.861111,24.920034,24.920034,15690000,Tuesday,,,
11/03/2015,24.970539,25.3367,24.96633,25.117846,25.117846,10799900,Wednesday,,,
12/03/2015,25.277779,25.315657,24.869528,25.00421,25.00421,7425100,Thursday,,,
13/03/2015,25.26936,25.26936,24.671717,24.861111,24.861111,7867000,Friday,CL,,
16/03/2015,25.050505,25.244108,24.882154,25.071548,25.071548,6324200,Monday,OP,,
17/03/2015,25.063131,25.206228,24.768518,25.037878,25.037878,6887700,Tuesday,,,
18/03/2015,24.983166,24.983166,24.276094,24.591751,24.591751,15642000,Wednesday,,,
19/03/2015,23.909933,24.553871,23.859428,24.36027,24.36027,13573300,Thursday,,,
20/03/2015,24.499159,24.654882,24.381313,24.381313,24.381313,21583900,Friday,CL,,
23/03/2015,24.377104,24.924242,24.377104,24.671717,24.671717,7402100,Monday,OP,,
24/03/2015,24.549664,25.265152,24.541246,25.046297,25.046297,12523300,Tuesday,,,
25/03/2015,25.092592,25.092592,24.419191,24.436028,24.436028,10582500,Wednesday,,,
26/03/2015,24.22559,24.482323,24.099327,24.208754,24.208754,6548300,Thursday,,,
27/03/2015,24.137205,24.39394,24.116161,24.255051,24.255051,6036200,Friday,CL,,
30/03/2015,24.305555,24.579124,24.301348,24.381313,24.381313,4763100,Monday,OP,,
31/03/2015,24.284512,24.574915,24.271885,24.276094,24.276094,4857900,Tuesday,,,
01/04/2015,24.128788,24.297138,23.909933,24.044613,24.044613,4921800,Wednesday,,,
02/04/2015,24.010942,24.095118,23.888889,23.952021,23.952021,3543600,Thursday,CL,Friday,03/04/2015
06/04/2015,23.358585,24.05724,23.337542,23.914141,23.914141,6189500,Monday,OP,,
07/04/2015,24.031986,24.372896,23.92256,24.023569,24.023569,6840000,Tuesday,,,
08/04/2015,24.069866,24.246634,23.834175,24.036196,24.036196,6875800,Wednesday,,,
09/04/2015,24.036196,24.179293,23.779461,23.994108,23.994108,4869900,Thursday,,,
10/04/2015,24.166666,24.280304,24.015152,24.132998,24.132998,5094400,Friday,CL,,
13/04/2015,24.05724,24.507576,23.901516,23.964647,23.964647,7020800,Monday,OP,,
14/04/2015,23.901516,24.036196,23.724747,23.968855,23.968855,5067800,Tuesday,,,
15/04/2015,23.981482,24.116161,23.851009,23.998316,23.998316,12303800,Wednesday,,,
16/04/2015,23.985691,24.154041,23.846802,24.006735,24.006735,4415100,Thursday,,,
17/04/2015,23.707912,23.775253,23.316498,23.48064,23.48064,8919500,Friday,CL,,
20/04/2015,23.564816,23.758417,23.320707,23.598484,23.598484,8690700,Monday,OP,,
21/04/2015,23.775253,23.846802,23.58165,23.74579,23.74579,17674100,Tuesday,,,
22/04/2015,23.728956,23.968855,23.661615,23.88468,23.88468,11053400,Wednesday,,,
23/04/2015,25.00421,25.189394,24.621212,24.785353,24.785353,15702000,Thursday,,,
24/04/2015,24.873737,25.244108,24.785353,24.915825,24.915825,8691700,Friday,CL,,
27/04/2015,24.852694,24.949495,24.713804,24.869528,24.869528,6904800,Monday,OP,,
28/04/2015,24.814816,25.311447,24.73064,25.03367,25.03367,9443500,Tuesday,,,
29/04/2015,24.877947,25.101009,24.654882,24.781145,24.781145,7271900,Wednesday,,,
30/04/2015,24.650673,24.83165,24.381313,24.520203,24.520203,6285900,Thursday,,,
01/05/2015,24.520203,24.970539,24.419191,24.957912,24.957912,6853200,Friday,CL,,
04/05/2015,24.890572,25.03367,24.781145,24.877947,24.877947,4130000,Monday,OP,,
05/05/2015,24.734848,24.840067,24.36027,24.385521,24.385521,7878500,Tuesday,,,
06/05/2015,24.330809,24.461279,23.960438,24.196129,24.196129,7014500,Wednesday,,,
07/05/2015,24.196129,24.503366,24.116161,24.39394,24.39394,6625900,Thursday,,,
08/05/2015,24.675926,24.819023,24.608585,24.755892,24.755892,4820300,Friday,CL,,
11/05/2015,24.768518,24.907408,24.49074,24.553871,24.553871,4559800,Monday,OP,,
12/05/2015,24.343435,24.65909,24.229797,24.537037,24.537037,4561400,Tuesday,,,
13/05/2015,24.638046,24.99579,24.431818,24.751684,24.751684,6374400,Wednesday,,,
14/05/2015,24.928452,25.30303,24.810606,25.294613,25.294613,6108800,Thursday,,,
15/05/2015,25.315657,25.601852,24.987373,25.00421,25.00421,6181900,Friday,CL,,
18/05/2015,24.924242,25.113636,24.898991,25.025253,25.025253,3913100,Monday,OP,,
19/05/2015,25.105219,25.138889,24.920034,24.936869,24.936869,2942200,Tuesday,,,
20/05/2015,25.029461,25.084175,24.671717,24.894781,24.894781,4903400,Wednesday,,,
21/05/2015,24.83165,25.227272,24.83165,25.143097,25.143097,5144100,Thursday,,,
22/05/2015,25.138889,25.324074,25.029461,25.13468,25.13468,4542500,Friday,CL,,
26/05/2015,25.265152,25.273569,24.638046,24.718014,24.718014,6309700,Tuesday,OP,Monday,25/05/2015
27/05/2015,24.772728,25.101009,24.667509,24.991583,24.991583,4278400,Wednesday,,,
28/05/2015,24.928452,25.64394,24.810606,25.488216,25.488216,8989400,Thursday,,,
29/05/2015,25.526094,25.94276,25.399832,25.824915,25.824915,14554300,Friday,CL,,
01/06/2015,25.904882,26.527779,25.904882,26.329966,26.329966,14098800,Monday,OP,,
02/06/2015,26.136364,26.527779,26.056396,26.094276,26.094276,7035900,Tuesday,,,
03/06/2015,26.25,26.304714,25.888046,26.098484,26.098484,7914100,Wednesday,,,
04/06/2015,25.997475,26.325758,25.98064,26.300505,26.300505,7723300,Thursday,,,
05/06/2015,26.300505,26.641415,26.161615,26.611954,26.611954,10098400,Friday,CL,,
08/06/2015,26.313131,26.313131,25.441919,25.61027,25.61027,12112700,Monday,OP,,
09/06/2015,25.559765,25.60606,25.143097,25.425085,25.425085,9551800,Tuesday,,,
10/06/2015,25.488216,25.648148,25.34091,25.450336,25.450336,8881400,Wednesday,,,
11/06/2015,25.547138,25.669191,25.315657,25.441919,25.441919,7099100,Thursday,,,
12/06/2015,25.387205,25.538721,25.239899,25.260942,25.260942,6916800,Friday,CL,,
15/06/2015,25.096802,25.332491,24.936869,25.252525,25.252525,8105700,Monday,OP,,
16/06/2015,25.206228,26.043772,25.159933,25.47138,25.47138,9411700,Tuesday,,,
17/06/2015,25.462963,25.711279,25.353535,25.484007,25.484007,4559200,Wednesday,,,
18/06/2015,25.526094,25.723906,25.517677,25.542929,25.542929,6987700,Thursday,,,
19/06/2015,25.585016,25.867002,25.530304,25.744949,25.744949,10540100,Friday,CL,,
22/06/2015,25.921717,26.052189,25.791246,25.989058,25.989058,5167300,Monday,OP,,
23/06/2015,25.993265,26.094276,25.858585,26.064816,26.064816,5533300,Tuesday,,,
24/06/2015,26.140572,26.258417,25.888046,25.930134,25.930134,8430000,Wednesday,,,
25/06/2015,25.959597,26.094276,25.875422,25.925926,25.925926,6005400,Thursday,,,
26/06/2015,25.925926,25.972221,25.547138,25.690235,25.690235,6690700,Friday,CL,,
29/06/2015,25.530304,25.601852,24.877947,24.987373,24.987373,7653600,Monday,OP,,
30/06/2015,25.273569,25.505051,25,25.353535,25.353535,8664800,Tuesday,,,
01/07/2015,25.669191,25.669191,25.176767,25.433502,25.433502,8249900,Wednesday,,,
02/07/2015,25.694445,26.191078,25.433502,26.031145,26.031145,16497100,Thursday,CL,Friday,03/07/2015
06/07/2015,25.867002,26.25,25.753366,25.993265,25.993265,16172400,Monday,OP,,
07/07/2015,26.376263,26.38468,25.715488,26.085859,26.085859,21087700,Tuesday,,,
08/07/2015,25.892256,25.98064,25.618687,25.669191,25.669191,14302000,Wednesday,,,
09/07/2015,26.056396,26.228956,25.90909,25.997475,25.997475,9138000,Thursday,,,
10/07/2015,26.241583,26.300505,25.867002,26.25,26.25,8502100,Friday,CL,,
13/07/2015,26.271044,26.830809,26.25421,26.712963,26.712963,14748500,Monday,OP,,
14/07/2015,26.675085,27.058081,26.670876,26.763468,26.763468,10984900,Tuesday,,,
15/07/2015,26.822392,27.02441,26.611954,26.700336,26.700336,12970700,Wednesday,,,
16/07/2015,27.483166,28.076599,27.356903,27.605219,27.605219,31025300,Thursday,,,
17/07/2015,27.794613,28.085016,27.293772,27.899832,27.899832,26169400,Friday,CL,,
20/07/2015,26.889999,29.35,26.59,28.57,28.57,37485700,Monday,OP,,
21/07/2015,28.15,28.99,27.98,28.6,28.6,44336300,Tuesday,,,
22/07/2015,28.23,28.809999,28.200001,28.450001,28.450001,33661000,Wednesday,,,
23/07/2015,28.25,28.6,28.120001,28.43,28.43,40433500,Thursday,,,
24/07/2015,28.83,28.85,28.18,28.23,28.23,16134400,Friday,CL,,
27/07/2015,28.02,28.200001,27.82,28,28,15915400,Monday,OP,,
28/07/2015,28.07,28.370001,27.879999,28.33,28.33,33250000,Tuesday,,,
29/07/2015,28.389999,28.870001,28.25,28.75,28.75,13841300,Wednesday,,,
30/07/2015,28.629999,28.700001,28.09,28.370001,28.370001,11812900,Thursday,,,
31/07/2015,28.469999,28.540001,28.059999,28.120001,28.120001,11863700,Friday,CL,,
03/08/2015,28.09,28.35,27.84,28.33,28.33,16138700,Monday,OP,,
04/08/2015,28.16,28.43,28.030001,28.41,28.41,9727300,Tuesday,,,
05/08/2015,28.43,28.719999,28.43,28.559999,28.559999,10476400,Wednesday,,,
06/08/2015,28.58,28.629999,28.1,28.16,28.16,9167600,Thursday,,,
07/08/2015,28.190001,28.57,28.09,28.549999,28.549999,12679500,Friday,CL,,
10/08/2015,28.610001,28.940001,28.6,28.66,28.66,7176800,Monday,OP,,
11/08/2015,28.299999,28.620001,28.07,28.139999,28.139999,9905000,Tuesday,,,
12/08/2015,27.52,28.040001,27.309999,28.01,28.01,11164100,Wednesday,,,
13/08/2015,27.98,28.15,27.73,27.99,27.99,7421900,Thursday,,,
14/08/2015,27.940001,28.290001,27.799999,28.26,28.26,7260700,Friday,CL,,
17/08/2015,28.120001,28.32,27.780001,28.290001,28.290001,9457900,Monday,OP,,
18/08/2015,28.43,28.459999,27.66,27.77,27.77,10865000,Tuesday,,,
19/08/2015,27.459999,27.73,27.299999,27.43,27.43,11332900,Wednesday,,,
20/08/2015,27.209999,27.299999,26.49,26.52,26.52,15819500,Thursday,,,
21/08/2015,26.33,26.639999,25.719999,25.77,25.77,19527700,Friday,CL,,
24/08/2015,23.870001,25.110001,23.23,24.93,24.93,23085800,Monday,OP,,
25/08/2015,25.370001,25.85,25.23,25.23,25.23,22650400,Tuesday,,,
26/08/2015,25.91,26.190001,25.190001,26.17,26.17,16809000,Wednesday,,,
27/08/2015,26.51,27.190001,26.440001,27.1,27.1,18148500,Thursday,,,
28/08/2015,26.98,27.27,26.809999,27.25,27.25,11313400,Friday,CL,,
31/08/2015,27.08,27.26,27,27.110001,27.110001,11605200,Monday,OP,,
01/09/2015,26.540001,27.09,26.299999,26.48,26.48,15491900,Tuesday,,,
02/09/2015,26.860001,26.92,26.41,26.870001,26.870001,10907600,Wednesday,,,
03/09/2015,27.360001,27.6,26.93,27.040001,27.040001,12281600,Thursday,,,
04/09/2015,26.57,26.75,26.290001,26.48,26.48,9066900,Friday,CL,,
08/09/2015,26.690001,26.75,26.209999,26.360001,26.360001,14685900,Tuesday,OP,Monday,07/09/2015
09/09/2015,26.91,26.91,26.15,26.200001,26.200001,10310900,Wednesday,,,
10/09/2015,25.77,26.24,25.77,26.15,26.15,12912100,Thursday,,,
11/09/2015,26.120001,26.33,25.91,26.32,26.32,6241200,Friday,CL,,
14/09/2015,26.219999,26.219999,25.66,25.75,25.75,9207100,Monday,OP,,
15/09/2015,25.799999,26.07,25.41,25.98,25.98,12316300,Tuesday,,,
16/09/2015,26,26.75,25.91,26.74,26.74,13030700,Wednesday,,,
17/09/2015,26.700001,26.77,26.200001,26.27,26.27,14936500,Thursday,,,
18/09/2015,25.969999,26.200001,25.33,26.02,26.02,23348700,Friday,CL,,
21/09/2015,26.26,26.5,25.690001,25.92,25.92,9343600,Monday,OP,,
22/09/2015,25.700001,25.799999,25.4,25.610001,25.610001,10875300,Tuesday,,,
23/09/2015,25.620001,25.76,25.459999,25.59,25.59,6766300,Wednesday,,,
24/09/2015,25.280001,25.68,25.09,25.610001,25.610001,9734000,Thursday,,,
25/09/2015,25.76,25.809999,25.18,25.33,25.33,8717900,Friday,CL,,
28/09/2015,25.15,25.219999,24.1,24.139999,24.139999,15787800,Monday,OP,,
29/09/2015,24.200001,24.379999,23.76,24.08,24.08,19652200,Tuesday,,,
30/09/2015,24.32,24.5,24.030001,24.440001,24.440001,12824000,Wednesday,,,
01/10/2015,24.5,25.01,24.440001,24.91,24.91,16269100,Thursday,,,
02/10/2015,24.51,25.549999,24.309999,25.530001,25.530001,13228000,Friday,CL,,
05/10/2015,25.59,25.879999,25.51,25.74,25.74,11762100,Monday,OP,,
06/10/2015,25.68,25.84,25.58,25.68,25.68,8955800,Tuesday,,,
07/10/2015,25.91,25.93,25.49,25.68,25.68,11440500,Wednesday,,,
08/10/2015,24.940001,25.08,23.620001,24.15,24.15,48539500,Thursday,,,
09/10/2015,24.209999,24.42,24.049999,24.299999,24.299999,17628900,Friday,CL,,
12/10/2015,24.040001,24.620001,23.98,24.559999,24.559999,9882300,Monday,OP,,
13/10/2015,24.530001,24.9,24.41,24.620001,24.620001,11539400,Tuesday,,,
14/10/2015,24.790001,24.799999,23.93,24,24,14584400,Wednesday,,,
15/10/2015,24.15,24.540001,23.959999,24.51,24.51,16102100,Thursday,,,
16/10/2015,24.459999,24.719999,24.4,24.549999,24.549999,9143200,Friday,CL,,
19/10/2015,24.540001,24.57,24.26,24.559999,24.559999,11451900,Monday,OP,,
20/10/2015,24.559999,24.68,24.25,24.42,24.42,12318800,Tuesday,,,
21/10/2015,24.559999,24.700001,24.18,24.209999,24.209999,16881400,Wednesday,,,
22/10/2015,26.5,27.66,26.26,27.58,27.58,44605900,Thursday,,,
23/10/2015,27.73,28.57,27.32,28.16,28.16,21803600,Friday,CL,,
26/10/2015,27.74,28.23,27.690001,28.17,28.17,13164800,Monday,OP,,
27/10/2015,28.209999,28.440001,28.059999,28.370001,28.370001,10970500,Tuesday,,,
28/10/2015,28.469999,28.469999,27.969999,28.25,28.25,11374100,Wednesday,,,
29/10/2015,28.209999,28.32,28.02,28.18,28.18,8654500,Thursday,,,
30/10/2015,28.24,28.299999,27.809999,27.9,27.9,9792600,Friday,CL,,
02/11/2015,27.73,28.52,27.719999,28.5,28.5,11305900,Monday,OP,,
03/11/2015,28.41,29.290001,28.370001,28.9,28.9,16644100,Tuesday,,,
04/11/2015,28.9,29.379999,28.879999,29.299999,29.299999,13530500,Wednesday,,,
05/11/2015,28.92,29.58,28.92,29.299999,29.299999,12500400,Thursday,,,
06/11/2015,29.030001,29.690001,28.969999,29.4,29.4,12308400,Friday,CL,,
09/11/2015,29.379999,29.379999,28.82,29.18,29.18,11252000,Monday,OP,,
10/11/2015,29.18,29.299999,28.85,29.139999,29.139999,13603100,Tuesday,,,
11/11/2015,29.1,29.33,28.879999,28.950001,28.950001,22126500,Wednesday,,,
12/11/2015,28.67,28.92,28.530001,28.559999,28.559999,11702700,Thursday,,,
13/11/2015,28.549999,29.040001,28.139999,28.190001,28.190001,14700800,Friday,CL,,
16/11/2015,28.290001,28.5,27.959999,28.48,28.48,11121400,Monday,OP,,
17/11/2015,28.5,28.719999,28.33,28.450001,28.450001,9095800,Tuesday,,,
18/11/2015,28.620001,28.780001,28.190001,28.75,28.75,10796500,Wednesday,,,
19/11/2015,28.559999,28.9,28.559999,28.77,28.77,6751300,Thursday,,,
20/11/2015,28.99,29.16,28.66,29.059999,29.059999,7997200,Friday,CL,,
23/11/2015,28.92,29.129999,28.639999,28.84,28.84,7365400,Monday,OP,,
24/11/2015,28.42,29.18,28.42,29,29,7769400,Tuesday,,,
25/11/2015,28.780001,29.040001,28.709999,29,29,6657900,Wednesday,,,
27/11/2015,29.09,29.219999,28.790001,29.1,29.1,5317700,Friday,CL,,
30/11/2015,29.09,29.629999,29.040001,29.59,29.59,16687400,Monday,OP,,
01/12/2015,29.75,29.83,29.02,29.049999,29.049999,12950700,Tuesday,,,
02/12/2015,29.16,29.41,28.790001,28.969999,28.969999,10628400,Wednesday,,,
03/12/2015,29,29,28.120001,28.59,28.59,13641400,Thursday,,,
04/12/2015,28.719999,29.59,28.59,29.35,29.35,10055900,Friday,CL,,
07/12/2015,29.290001,29.370001,28.82,29.049999,29.049999,7037100,Monday,OP,,
08/12/2015,28.93,29.1,28.5,28.790001,28.790001,8936400,Tuesday,,,
09/12/2015,28.42,28.85,28.139999,28.34,28.34,7131700,Wednesday,,,
10/12/2015,28.280001,28.9,28.23,28.57,28.57,8820600,Thursday,,,
11/12/2015,28.190001,28.43,27.870001,27.969999,27.969999,9105200,Friday,CL,,
14/12/2015,28.1,28.42,27.85,28.040001,28.040001,11452800,Monday,OP,,
15/12/2015,28.23,28.6,28.219999,28.309999,28.309999,10287100,Tuesday,,,
16/12/2015,28.52,28.66,28.26,28.57,28.57,12510200,Wednesday,,,
17/12/2015,28.65,28.75,28.030001,28.049999,28.049999,7321700,Thursday,,,
18/12/2015,27.84,28.07,27.450001,27.459999,27.459999,20493800,Friday,CL,,
21/12/2015,27.620001,27.709999,27.26,27.59,27.59,10801500,Monday,OP,,
22/12/2015,27.620001,28.07,27.42,27.889999,27.889999,12376200,Tuesday,,,
23/12/2015,28,28.040001,27.65,27.780001,27.780001,5315300,Wednesday,,,
24/12/2015,27.91,27.940001,27.6,27.66,27.66,2517300,Thursday,CL,Friday,25/12/2015
28/12/2015,27.52,27.690001,27.32,27.639999,27.639999,3722400,Monday,OP,,
29/12/2015,27.73,28,27.700001,27.91,27.91,4332400,Tuesday,,,
30/12/2015,27.73,27.99,27.709999,27.75,27.75,4036200,Wednesday,,,
31/12/2015,27.629999,27.690001,27.450001,27.48,27.48,4923800,Thursday,CL,Friday,01/01/2016
04/01/2016,27.110001,27.25,26.08,26.43,26.43,19107600,Monday,OP,,
05/01/2016,26.610001,26.860001,25.940001,26.120001,26.120001,16691400,Tuesday,,,
06/01/2016,25.83,26.66,25.77,26.41,26.41,12139900,Wednesday,,,
07/01/2016,25.799999,26.469999,25.6,25.690001,25.690001,13350000,Thursday,,,
08/01/2016,25.969999,26.16,25.67,25.75,25.75,11233800,Friday,CL,,
11/01/2016,25.950001,26.25,25.799999,26.1,26.1,11938800,Monday,OP,,
12/01/2016,26.110001,26.4,25.92,26.209999,26.209999,9444200,Tuesday,,,
13/01/2016,26.41,26.459999,25.26,25.41,25.41,11659900,Wednesday,,,
14/01/2016,25.42,26.15,24.950001,25.860001,25.860001,16551100,Thursday,,,
15/01/2016,25.049999,25.48,24.799999,25.26,25.26,14332700,Friday,CL,,
19/01/2016,25.610001,25.91,25.360001,25.77,25.77,13824600,Tuesday,OP,Monday,18/01/2016
20/01/2016,24.84,26.139999,24.76,25.82,25.82,17507900,Wednesday,,,
21/01/2016,25.870001,26.25,25.32,26.09,26.09,15403100,Thursday,,,
22/01/2016,26.459999,26.74,26.110001,26.43,26.43,10447000,Friday,CL,,
25/01/2016,26.4,26.549999,26.1,26.139999,26.139999,9867100,Monday,OP,,
26/01/2016,26.200001,26.67,26.200001,26.65,26.65,7621900,Tuesday,,,
27/01/2016,26.709999,27.07,26.1,26.42,26.42,18597800,Wednesday,,,
28/01/2016,23.23,24.129999,22.4,23.129999,23.129999,55880800,Thursday,,,
29/01/2016,23.190001,23.48,22.950001,23.459999,23.459999,30604900,Friday,CL,,
01/02/2016,23.34,24.23,23.26,23.940001,23.940001,19884900,Monday,OP,,
02/02/2016,23.719999,23.76,23.209999,23.290001,23.290001,16073900,Tuesday,,,
03/02/2016,23.450001,23.73,22.91,23.5,23.5,19749200,Wednesday,,,
04/02/2016,23.49,23.610001,23.09,23.49,23.49,15835200,Thursday,,,
05/02/2016,23.450001,23.51,23.059999,23.200001,23.200001,18872300,Friday,CL,,
08/02/2016,22.860001,22.879999,21.52,22.48,22.48,20601200,Monday,OP,,
09/02/2016,22.190001,23,21.91,22.01,22.01,16437200,Tuesday,,,
10/02/2016,22.27,22.719999,22.08,22.32,22.32,12220500,Wednesday,,,
11/02/2016,21.93,22.450001,21.639999,22.08,22.08,17634500,Thursday,,,
12/02/2016,22.379999,22.620001,22.23,22.49,22.49,11866100,Friday,CL,,
16/02/2016,22.299999,23,22.23,22.950001,22.950001,10380600,Tuesday,OP,Monday,15/02/2016
17/02/2016,23.08,23.280001,22.9,23.219999,23.219999,10904000,Wednesday,,,
18/02/2016,23.120001,23.67,23.08,23.530001,23.530001,11111100,Thursday,,,
19/02/2016,23.43,23.860001,23.35,23.809999,23.809999,9784600,Friday,CL,,
22/02/2016,23.950001,24.290001,23.92,24.24,24.24,9724900,Monday,OP,,
23/02/2016,24.040001,24.200001,23.610001,23.620001,23.620001,10125500,Tuesday,,,
24/02/2016,23.43,24.02,23.280001,23.959999,23.959999,9471700,Wednesday,,,
25/02/2016,24.030001,24.200001,23.889999,24.18,24.18,7534000,Thursday,,,
26/02/2016,24.389999,24.540001,24.129999,24.18,24.18,7415000,Friday,CL,,
29/02/2016,24.120001,24.35,23.77,23.799999,23.799999,7062200,Monday,OP,,
01/03/2016,23.99,24.25,23.620001,24.25,24.25,8742000,Tuesday,,,
02/03/2016,24.129999,24.190001,23.66,23.719999,23.719999,9875800,Wednesday,,,
03/03/2016,23.690001,23.99,23.58,23.940001,23.940001,7778100,Thursday,,,
04/03/2016,24.059999,24.620001,23.93,24.41,24.41,8254200,Friday,CL,,
07/03/2016,24.360001,24.4,24.059999,24.26,24.26,4889000,Monday,OP,,
08/03/2016,24.02,24.389999,23.690001,24.07,24.07,11574000,Tuesday,,,
09/03/2016,24.34,24.49,23.700001,23.950001,23.950001,12347700,Wednesday,,,
10/03/2016,24.040001,24.1,22.98,23.690001,23.690001,17706700,Thursday,,,
11/03/2016,23.969999,24.08,23.9,24.02,24.02,13854000,Friday,CL,,
14/03/2016,24.02,24.35,23.9,24.280001,24.280001,16007600,Monday,OP,,
15/03/2016,24.1,24.15,23.540001,23.58,23.58,8854200,Tuesday,,,
16/03/2016,23.450001,23.790001,22.879999,23.68,23.68,22223000,Wednesday,,,
17/03/2016,23.780001,23.93,23.34,23.76,23.76,11338200,Thursday,,,
18/03/2016,23.76,23.969999,23.190001,23.77,23.77,19940400,Friday,CL,,
21/03/2016,23.809999,24.49,23.75,24.34,24.34,14712700,Monday,OP,,
22/03/2016,24.16,24.33,24.1,24.129999,24.129999,8961000,Tuesday,,,
23/03/2016,24.09,24.280001,23.959999,24.17,24.17,7740900,Wednesday,,,
24/03/2016,24.129999,24.370001,24,24.33,24.33,13475100,Thursday,CL,Friday,25/03/2016
28/03/2016,24.290001,24.34,24.08,24.120001,24.120001,5699700,Monday,OP,,
29/03/2016,23.700001,24.110001,23.360001,24.1,24.1,13858800,Tuesday,,,
30/03/2016,24.059999,24.57,24.01,24.040001,24.040001,11125700,Wednesday,,,
31/03/2016,24.129999,24.15,23.799999,23.860001,23.860001,14866600,Thursday,,,
01/04/2016,24.370001,24.379999,23.67,23.879999,23.879999,11167900,Friday,CL,,
04/04/2016,23.4,24.18,23.4,24.030001,24.030001,12415900,Monday,OP,,
05/04/2016,23.690001,24.67,23.65,24.389999,24.389999,16589800,Tuesday,,,
06/04/2016,24.450001,25.52,24.360001,25.43,25.43,21099600,Wednesday,,,
07/04/2016,25.280001,25.280001,23.959999,24.1,24.1,20124400,Thursday,,,
08/04/2016,24.209999,24.379999,23.879999,24.07,24.07,8497400,Friday,CL,,
11/04/2016,24.17,24.440001,24.040001,24.059999,24.059999,7405100,Monday,OP,,
12/04/2016,24.190001,24.549999,24.030001,24.42,24.42,8002000,Tuesday,,,
13/04/2016,24.58,25.6,24.549999,25.08,25.08,17002200,Wednesday,,,
14/04/2016,25.290001,25.32,24.959999,25.209999,25.209999,7870500,Thursday,,,
15/04/2016,25.309999,25.33,25,25.219999,25.219999,6344600,Friday,CL,,
18/04/2016,24.799999,25.469999,24.799999,25.309999,25.309999,5950700,Monday,OP,,
19/04/2016,24.65,24.879999,24.08,24.299999,24.299999,20833700,Tuesday,,,
20/04/2016,24.299999,24.860001,24.26,24.66,24.66,8495100,Wednesday,,,
21/04/2016,24.629999,24.870001,24.6,24.690001,24.690001,8403900,Thursday,,,
22/04/2016,24.610001,24.969999,24.370001,24.4,24.4,10639600,Friday,CL,,
25/04/2016,24.4,24.540001,24.15,24.219999,24.219999,16246800,Monday,OP,,
26/04/2016,24.17,24.719999,24.17,24.49,24.49,18002700,Tuesday,,,
27/04/2016,25.33,26.209999,25.190001,25.27,25.27,29282900,Wednesday,,,
28/04/2016,25.09,25.34,24.549999,24.620001,24.620001,13422100,Thursday,,,
29/04/2016,24.370001,24.58,24.059999,24.43,24.43,20154900,Friday,CL,,
02/05/2016,24.18,24.389999,24.059999,24.26,24.26,10646100,Monday,OP,,
03/05/2016,24.07,24.25,23.879999,23.98,23.98,9531500,Tuesday,,,
04/05/2016,23.82,24.040001,23.73,23.799999,23.799999,8114500,Wednesday,,,
05/05/2016,24.02,24.049999,23.76,23.809999,23.809999,7915400,Thursday,,,
06/05/2016,23.67,23.84,23.540001,23.82,23.82,7928400,Friday,CL,,
09/05/2016,23.790001,24.139999,23.73,24.02,24.02,7844700,Monday,OP,,
10/05/2016,24.040001,24.219999,23.950001,24.16,24.16,7046300,Tuesday,,,
11/05/2016,24.120001,24.18,23.74,23.74,23.74,7543900,Wednesday,,,
12/05/2016,23.91,23.92,23.5,23.58,23.58,10867900,Thursday,,,
13/05/2016,23.65,23.93,23.6,23.780001,23.780001,8556700,Friday,CL,,
16/05/2016,23.68,23.879999,23.610001,23.799999,23.799999,5589400,Monday,OP,,
17/05/2016,23.639999,23.799999,23.18,23.27,23.27,9957800,Tuesday,,,
18/05/2016,23.309999,23.85,23.219999,23.690001,23.690001,8891000,Wednesday,,,
19/05/2016,23.59,23.67,23.25,23.42,23.42,5194100,Thursday,,,
20/05/2016,23.440001,23.76,23.309999,23.65,23.65,6825000,Friday,CL,,
23/05/2016,23.379999,23.82,23.34,23.459999,23.459999,5351700,Monday,OP,,
24/05/2016,23.639999,24.18,23.639999,24.049999,24.049999,8014000,Tuesday,,,
25/05/2016,23.91,24.200001,23.889999,24.040001,24.040001,7342900,Wednesday,,,
26/05/2016,23.98,24.129999,23.860001,24.120001,24.120001,4814000,Thursday,,,
27/05/2016,24.17,24.4,24.15,24.360001,24.360001,8050500,Friday,CL,,
31/05/2016,24.290001,24.620001,24.24,24.459999,24.459999,11426400,Tuesday,OP,Monday,30/05/2016
01/06/2016,24.43,24.440001,24.040001,24.07,24.07,7718000,Wednesday,,,
02/06/2016,24.15,24.27,23.879999,24.25,24.25,10232100,Thursday,,,
03/06/2016,24.209999,24.25,23.75,23.98,23.98,6413600,Friday,CL,,
06/06/2016,23.98,24.1,23.870001,23.99,23.99,7058900,Monday,OP,,
07/06/2016,24.129999,24.360001,24.110001,24.280001,24.280001,9760100,Tuesday,,,
08/06/2016,24.25,24.34,24.110001,24.23,24.23,7722400,Wednesday,,,
09/06/2016,24.190001,24.379999,24.07,24.33,24.33,7914800,Thursday,,,
10/06/2016,24.16,24.27,23.91,24.07,24.07,7782000,Friday,CL,,
13/06/2016,24.02,24.129999,23.84,23.889999,23.889999,8627500,Monday,OP,,
14/06/2016,23.790001,24.01,23.629999,23.879999,23.879999,9928000,Tuesday,,,
15/06/2016,23.99,24.08,23.790001,23.959999,23.959999,9326800,Wednesday,,,
16/06/2016,23.940001,23.959999,23.469999,23.85,23.85,9399200,Thursday,,,
17/06/2016,23.74,23.889999,23.59,23.790001,23.790001,13176600,Friday,CL,,
20/06/2016,24.34,24.870001,24.26,24.57,24.57,14220700,Monday,OP,,
21/06/2016,24.540001,24.77,24.450001,24.700001,24.700001,7862300,Tuesday,,,
22/06/2016,24.620001,24.75,24.32,24.34,24.34,6673700,Wednesday,,,
23/06/2016,24.690001,24.950001,24.6,24.85,24.85,9485400,Thursday,,,
24/06/2016,23.77,23.889999,22.809999,23.129999,23.129999,24566100,Friday,CL,,
27/06/2016,22.950001,23.120001,22.299999,22.719999,22.719999,12862200,Monday,OP,,
28/06/2016,22.889999,23.110001,22.77,22.99,22.99,11995600,Tuesday,,,
29/06/2016,23.18,23.379999,23.07,23.309999,23.309999,9143400,Wednesday,,,
30/06/2016,23.360001,23.469999,23.25,23.41,23.41,9464700,Thursday,,,
01/07/2016,23.43,23.950001,23.41,23.780001,23.780001,9683400,Friday,CL,,
05/07/2016,23.709999,23.82,23.43,23.76,23.76,8677200,Tuesday,OP,Monday,04/07/2016
06/07/2016,23.709999,23.85,23.299999,23.83,23.83,9509900,Wednesday,,,
07/07/2016,23.92,24,23.75,23.93,23.93,10007200,Thursday,,,
08/07/2016,24.02,24.66,23.950001,24.610001,24.610001,7480200,Friday,CL,,
11/07/2016,24.74,25.02,24.639999,24.860001,24.860001,8652400,Monday,OP,,
12/07/2016,24.969999,25.34,24.969999,25.129999,25.129999,9625300,Tuesday,,,
13/07/2016,25.120001,25.27,24.98,25.120001,25.120001,5817800,Wednesday,,,
14/07/2016,25.450001,26.26,25.4,26.08,26.08,23705900,Thursday,,,
15/07/2016,26.200001,26.34,25.950001,26.34,26.34,17603900,Friday,CL,,
18/07/2016,26.23,26.559999,26.17,26.49,26.49,12382100,Monday,OP,,
19/07/2016,26.59,26.719999,26.389999,26.5,26.5,17414500,Tuesday,,,
20/07/2016,26.610001,27.139999,26.41,26.99,26.99,27170100,Wednesday,,,
21/07/2016,28.870001,30.309999,28.790001,29.93,29.93,44959100,Thursday,,,
22/07/2016,29.809999,30.559999,29.75,30.49,30.49,20272000,Friday,CL,,
25/07/2016,30.309999,30.860001,30.27,30.68,30.68,17892900,Monday,OP,,
26/07/2016,30.559999,31.41,30.559999,31.4,31.4,13911700,Tuesday,,,
27/07/2016,31.440001,31.790001,31.1,31.309999,31.309999,11848800,Wednesday,,,
28/07/2016,31.280001,31.49,31.07,31.17,31.17,8835500,Thursday,,,
29/07/2016,31.120001,31.24,30.9,31.16,31.16,8433200,Friday,CL,,
01/08/2016,31.299999,31.389999,31.129999,31.25,31.25,13129900,Monday,OP,,
02/08/2016,31.07,31.209999,30.690001,30.790001,30.790001,11913500,Tuesday,,,
03/08/2016,30.799999,31.040001,30.74,30.950001,30.950001,7371100,Wednesday,,,
04/08/2016,30.940001,31.309999,30.85,31.059999,31.059999,7584400,Thursday,,,
05/08/2016,31.15,31.450001,31.129999,31.389999,31.389999,7795600,Friday,CL,,
08/08/2016,31.379999,31.379999,30.940001,31.15,31.15,9527600,Monday,OP,,
09/08/2016,31.219999,31.24,30.940001,31.110001,31.110001,7592100,Tuesday,,,
10/08/2016,31.110001,31.25,30.940001,31.120001,31.120001,6077700,Wednesday,,,
11/08/2016,31.190001,31.5,31.02,31.200001,31.200001,5909100,Thursday,,,
12/08/2016,31.219999,31.27,30.889999,30.889999,30.889999,11809000,Friday,CL,,
15/08/2016,31,31.309999,30.639999,31.049999,31.049999,7038800,Monday,OP,,
16/08/2016,30.9,30.98,30.58,30.83,30.83,6539700,Tuesday,,,
17/08/2016,30.879999,30.9,30.49,30.610001,30.610001,6961500,Wednesday,,,
18/08/2016,30.51,30.67,30.42,30.52,30.52,6023500,Thursday,,,
19/08/2016,30.459999,30.65,30.360001,30.629999,30.629999,7840700,Friday,CL,,
22/08/2016,30.459999,30.639999,30.370001,30.620001,30.620001,6240700,Monday,OP,,
23/08/2016,30.68,30.969999,30.65,30.67,30.67,5594500,Tuesday,,,
24/08/2016,30.74,31.33,30.73,31.25,31.25,14752000,Wednesday,,,
25/08/2016,31.08,31.450001,31.059999,31.34,31.34,7459800,Thursday,,,
26/08/2016,31.34,31.629999,31.09,31.309999,31.309999,7750400,Friday,CL,,
29/08/2016,31.25,31.5,31.139999,31.4,31.4,5071700,Monday,OP,,
30/08/2016,31.459999,32.029999,31.360001,31.77,31.77,9800100,Tuesday,,,
31/08/2016,31.66,32.23,31.59,32.16,32.16,12641800,Wednesday,,,
01/09/2016,32.150002,32.240002,31.879999,32.130001,32.130001,6808400,Thursday,,,
02/09/2016,32.299999,32.5,32.110001,32.279999,32.279999,6760600,Friday,CL,,
06/09/2016,32.200001,32.66,32.150002,32.41,32.41,8436800,Tuesday,OP,Monday,05/09/2016
07/09/2016,32.450001,32.73,32.290001,32.509998,32.509998,9422600,Wednesday,,,
08/09/2016,32.5,32.810001,32.380001,32.700001,32.700001,7145000,Thursday,,,
09/09/2016,32.419998,32.59,31.860001,31.889999,31.889999,13068800,Friday,CL,,
12/09/2016,31.67,32.57,31.549999,32.490002,32.490002,8538900,Monday,OP,,
13/09/2016,32.16,32.290001,31.709999,31.91,31.91,9453200,Tuesday,,,
14/09/2016,32.07,32.130001,31.700001,31.799999,31.799999,7552100,Wednesday,,,
15/09/2016,31.74,31.98,31.33,31.98,31.98,7486700,Thursday,,,
16/09/2016,31.709999,31.879999,31.629999,31.77,31.77,10979900,Friday,CL,,
19/09/2016,31.809999,31.959999,31.43,31.57,31.57,5869500,Monday,OP,,
20/09/2016,31.75,31.799999,31.23,31.360001,31.360001,6440200,Tuesday,,,
21/09/2016,31.559999,32.02,31.5,31.969999,31.969999,10875800,Wednesday,,,
22/09/2016,32.02,32.34,32.02,32.279999,32.279999,5313600,Thursday,,,
23/09/2016,32.279999,32.380001,32.07,32.07,32.07,5515400,Friday,CL,,
26/09/2016,31.879999,32.009998,31.59,31.67,31.67,6223700,Monday,OP,,
27/09/2016,31.799999,32.099998,31.68,31.940001,31.940001,5914100,Tuesday,,,
28/09/2016,31.950001,31.98,31.67,31.85,31.85,6116100,Wednesday,,,
29/09/2016,33.040001,33.189999,32.189999,32.299999,32.299999,16921000,Thursday,,,
30/09/2016,32.490002,33.02,32.459999,32.900002,32.900002,11959900,Friday,CL,,
03/10/2016,31.299999,32.650002,31.299999,32.549999,32.549999,12565800,Monday,OP,,
04/10/2016,32.709999,33.029999,32.419998,32.560001,32.560001,6656500,Tuesday,,,
05/10/2016,32.400002,32.470001,32.080002,32.150002,32.150002,8807300,Wednesday,,,
06/10/2016,32.119999,32.209999,31.860001,32.130001,32.130001,5676700,Thursday,,,
07/10/2016,32.25,32.25,31.040001,31.620001,31.620001,10113900,Friday,CL,,
10/10/2016,32.009998,32.25,31.889999,31.950001,31.950001,9292300,Monday,OP,,
11/10/2016,31.959999,31.98,31.139999,31.459999,31.459999,9241200,Tuesday,,,
12/10/2016,31.280001,31.610001,31.280001,31.5,31.5,6354200,Wednesday,,,
13/10/2016,31.790001,31.83,31.08,31.51,31.51,10798700,Thursday,,,
14/10/2016,31.82,32.240002,31.6,31.889999,31.889999,14391900,Friday,CL,,
17/10/2016,32.389999,32.389999,31.379999,31.809999,31.809999,11429800,Monday,OP,,
18/10/2016,32.049999,32.369999,31.57,31.639999,31.639999,12494800,Tuesday,,,
19/10/2016,31.91,32.639999,31.719999,32.52,32.52,23765800,Wednesday,,,
20/10/2016,29.5,29.84,28.75,29.02,29.02,52625200,Thursday,,,
21/10/2016,29.059999,29.190001,28.6,29.059999,29.059999,24223500,Friday,CL,,
24/10/2016,29.26,29.709999,29.15,29.219999,29.219999,16402300,Monday,OP,,
25/10/2016,29.200001,29.389999,28.940001,29.049999,29.049999,10293300,Tuesday,,,
26/10/2016,29,29.049999,28.77,28.82,28.82,8944500,Wednesday,,,
27/10/2016,28.969999,29.07,28.629999,28.809999,28.809999,11797800,Thursday,,,
28/10/2016,28.860001,29.1,28.469999,28.6,28.6,10716800,Friday,CL,,
31/10/2016,28.77,28.77,28.440001,28.51,28.51,8703400,Monday,OP,,
01/11/2016,28.51,28.700001,28.09,28.379999,28.379999,8536900,Tuesday,,,
02/11/2016,28.24,28.51,28.110001,28.26,28.26,8841100,Wednesday,,,
03/11/2016,28.17,28.450001,28.02,28.059999,28.059999,6215700,Thursday,,,
04/11/2016,28.1,28.290001,27.940001,27.950001,27.950001,7293700,Friday,CL,,
07/11/2016,28.34,28.370001,28.08,28.24,28.24,9122700,Monday,OP,,
08/11/2016,28.09,28.25,27.629999,28.030001,28.030001,14234400,Tuesday,,,
09/11/2016,27.34,28.469999,27.33,28.290001,28.290001,11695600,Wednesday,,,
10/11/2016,28.389999,28.75,27.82,28.16,28.16,12155300,Thursday,,,
11/11/2016,27.969999,28.77,27.950001,28.639999,28.639999,9603100,Friday,CL,,
14/11/2016,28.629999,28.74,27.860001,27.889999,27.889999,12392000,Monday,OP,,
15/11/2016,28.030001,28.77,28.030001,28.49,28.49,9482800,Tuesday,,,
16/11/2016,28.389999,28.889999,28.309999,28.33,28.33,9051500,Wednesday,,,
17/11/2016,28.370001,28.92,28.35,28.870001,28.870001,8908400,Thursday,,,
18/11/2016,28.84,28.950001,28.57,28.690001,28.690001,11668700,Friday,CL,,
21/11/2016,28.73,29.139999,28.67,29,29,7376100,Monday,OP,,
22/11/2016,29.440001,29.440001,28.93,29.059999,29.059999,7369200,Tuesday,,,
23/11/2016,28.99,29.07,28.65,28.9,28.9,6022800,Wednesday,,,
25/11/2016,28.940001,28.99,28.75,28.950001,28.950001,3076000,Friday,CL,,
28/11/2016,28.84,28.889999,28.530001,28.57,28.57,7245300,Monday,OP,,
29/11/2016,28.559999,28.809999,28.5,28.51,28.51,7281600,Tuesday,,,
30/11/2016,28.51,28.59,27.799999,27.809999,27.809999,13777100,Wednesday,,,
01/12/2016,27.92,28.01,27.280001,27.389999,27.389999,9774900,Thursday,,,
02/12/2016,27.73,28.83,27.690001,28.42,28.42,14437500,Friday,CL,,
05/12/2016,28.549999,28.9,28.32,28.35,28.35,10802900,Monday,OP,,
06/12/2016,28.299999,28.389999,28.030001,28.209999,28.209999,10387500,Tuesday,,,
07/12/2016,28.139999,28.99,28.139999,28.91,28.91,10286900,Wednesday,,,
08/12/2016,28.959999,29.870001,28.91,29.42,29.42,12263200,Thursday,,,
09/12/2016,29.610001,30.110001,29.42,29.969999,29.969999,13549000,Friday,CL,,
12/12/2016,30.02,30.459999,29.84,30.209999,30.209999,14940100,Monday,OP,,
13/12/2016,30.360001,30.52,29.809999,29.82,29.82,11664300,Tuesday,,,
14/12/2016,29.85,30.16,29.639999,29.82,29.82,9624800,Wednesday,,,
15/12/2016,29.870001,29.969999,29.65,29.73,29.73,10140600,Thursday,,,
16/12/2016,29.73,29.92,29.559999,29.610001,29.610001,14600500,Friday,CL,,
19/12/2016,29.700001,29.799999,29.32,29.379999,29.379999,7814500,Monday,OP,,
20/12/2016,29.530001,29.6,29.01,29.26,29.26,11236900,Tuesday,,,
21/12/2016,29.139999,29.389999,29.09,29.360001,29.360001,8634800,Wednesday,,,
22/12/2016,29.280001,29.700001,29.209999,29.540001,29.540001,8865100,Thursday,,,
23/12/2016,29.82,29.82,29.42,29.790001,29.790001,8132700,Friday,CL,,
27/12/2016,29.83,30.370001,29.809999,30.24,30.24,7513400,Tuesday,OP,Monday,26/12/2016
28/12/2016,30.24,30.25,29.93,30.01,30.01,8118900,Wednesday,,,
29/12/2016,30.02,30.209999,29.83,29.98,29.98,7119600,Thursday,,,
30/12/2016,30.379999,30.379999,29.57,29.690001,29.690001,8189700,Friday,CL,,
03/01/2017,29.83,30.190001,29.639999,29.84,29.84,7664800,Tuesday,OP,Monday,02/01/2017
04/01/2017,29.91,30.01,29.51,29.76,29.76,9538800,Wednesday,,,
05/01/2017,29.73,30.08,29.610001,30.01,30.01,9062200,Thursday,,,
06/01/2017,29.969999,31.16,29.780001,31.049999,31.049999,13351400,Friday,CL,,
09/01/2017,31,31.030001,30.6,30.75,30.75,10532200,Monday,OP,,
10/01/2017,30.67,30.719999,29.84,30.25,30.25,13833100,Tuesday,,,
11/01/2017,30.299999,30.42,30.01,30.41,30.41,8169000,Wednesday,,,
12/01/2017,30.799999,30.799999,30.110001,30.35,30.35,7890400,Thursday,,,
13/01/2017,30.209999,30.35,29.84,30.290001,30.290001,7822800,Friday,CL,,
17/01/2017,30.33,30.690001,30.110001,30.290001,30.290001,7438600,Tuesday,OP,Monday,16/01/2017
18/01/2017,30.290001,30.48,30.139999,30.389999,30.389999,9523600,Wednesday,,,
19/01/2017,30.26,30.84,30.190001,30.719999,30.719999,14112400,Thursday,,,
20/01/2017,30.84,30.959999,30.52,30.639999,30.639999,8496300,Friday,CL,,
23/01/2017,30.639999,30.65,30.059999,30.27,30.27,9341100,Monday,OP,,
24/01/2017,30.299999,30.33,29.700001,29.99,29.99,16925400,Tuesday,,,
25/01/2017,30.25,30.5,30.110001,30.23,30.23,20148200,Wednesday,,,
26/01/2017,32.369999,32.849998,31.549999,31.74,31.74,32044400,Thursday,,,
27/01/2017,31.950001,32.610001,31.360001,32.509998,32.509998,17406700,Friday,CL,,
30/01/2017,32.23,32.279999,31.799999,32.169998,32.169998,11247700,Monday,OP,,
31/01/2017,31.889999,32,31.530001,31.83,31.83,9469100,Tuesday,,,
01/02/2017,31.9,32.240002,31.83,32.18,32.18,9700200,Wednesday,,,
02/02/2017,32.060001,32.209999,31.870001,31.969999,31.969999,6028600,Thursday,,,
03/02/2017,32.110001,32.200001,31.91,32.07,32.07,5423500,Friday,CL,,
06/02/2017,32.009998,32.240002,31.870001,32.029999,32.029999,5339800,Monday,OP,,
07/02/2017,31.950001,32.470001,31.799999,32.43,32.43,8136000,Tuesday,,,
08/02/2017,32.450001,33.41,32.279999,33.25,33.25,17081200,Wednesday,,,
09/02/2017,33.290001,33.349998,32.98,33.119999,33.119999,10465600,Thursday,,,
10/02/2017,33.110001,33.84,33.060001,33.630001,33.630001,13492300,Friday,CL,,
13/02/2017,33.619999,34.09,33.560001,33.790001,33.790001,10744500,Monday,OP,,
14/02/2017,33.610001,33.959999,33.57,33.630001,33.630001,7615600,Tuesday,,,
15/02/2017,33.619999,34.150002,33.5,34.009998,34.009998,7994500,Wednesday,,,
16/02/2017,33.84,34.150002,33.459999,33.540001,33.540001,8891800,Thursday,,,
17/02/2017,33.509998,33.900002,33.470001,33.759998,33.759998,7797300,Friday,CL,,
21/02/2017,33.759998,34.23,33.759998,33.919998,33.919998,7237500,Tuesday,OP,Monday,20/02/2017
22/02/2017,33.919998,34.139999,33.630001,33.82,33.82,7068200,Wednesday,,,
23/02/2017,33.779999,33.93,33.540001,33.599998,33.599998,6528400,Thursday,,,
24/02/2017,33.549999,34.07,33.380001,34.060001,34.060001,8098700,Friday,CL,,
27/02/2017,34.049999,34.310001,33.82,34.279999,34.279999,7372800,Monday,OP,,
28/02/2017,34.16,34.279999,33.889999,33.900002,33.900002,8105300,Tuesday,,,
01/03/2017,34.110001,34.43,34.099998,34.27,34.27,5736100,Wednesday,,,
02/03/2017,34.189999,34.330002,33.740002,33.91,33.91,4697900,Thursday,,,
03/03/2017,33.860001,33.869999,33.389999,33.740002,33.740002,6555700,Friday,CL,,
06/03/2017,33.669998,33.759998,33.279999,33.639999,33.639999,7728500,Monday,OP,,
07/03/2017,33.709999,33.830002,33.400002,33.470001,33.470001,6945500,Tuesday,,,
08/03/2017,33.549999,33.549999,33.169998,33.32,33.32,7871900,Wednesday,,,
09/03/2017,33.27,33.349998,33.02,33.18,33.18,5545400,Thursday,,,
10/03/2017,33.439999,33.459999,33.07,33.130001,33.130001,4977300,Friday,CL,,
13/03/2017,33.130001,33.220001,32.740002,32.810001,32.810001,10865400,Monday,OP,,
14/03/2017,32.849998,32.950001,32.580002,32.860001,32.860001,6829700,Tuesday,,,
15/03/2017,33.02,33.169998,32.560001,32.889999,32.889999,9777800,Wednesday,,,
16/03/2017,32.779999,33.200001,32.77,33.099998,33.099998,6925800,Thursday,,,
17/03/2017,33.299999,33.84,33.16,33.700001,33.700001,15941300,Friday,CL,,
20/03/2017,33.68,34.029999,33.450001,33.810001,33.810001,7319600,Monday,OP,,
21/03/2017,33.919998,33.990002,33.049999,33.189999,33.189999,8918500,Tuesday,,,
22/03/2017,33.259998,33.669998,33.169998,33.529999,33.529999,5486100,Wednesday,,,
23/03/2017,33.450001,33.779999,33.330002,33.52,33.52,4833900,Thursday,,,
24/03/2017,33.66,33.669998,33.220001,33.400002,33.400002,4317800,Friday,CL,,
27/03/2017,33.16,33.490002,32.84,33.43,33.43,4994400,Monday,OP,,
28/03/2017,33.400002,33.66,33.299999,33.529999,33.529999,4609700,Tuesday,,,
29/03/2017,33.619999,33.779999,33.43,33.650002,33.650002,7242700,Wednesday,,,
30/03/2017,33.650002,33.799999,33.540001,33.700001,33.700001,4993400,Thursday,,,
31/03/2017,33.5,33.950001,33.450001,33.57,33.57,10223000,Friday,CL,,
03/04/2017,33.369999,33.91,33.32,33.759998,33.759998,9828700,Monday,OP,,
04/04/2017,33.759998,34.259998,33.669998,34.139999,34.139999,8679900,Tuesday,,,
05/04/2017,34.220001,34.740002,33.779999,33.810001,33.810001,11241900,Wednesday,,,
06/04/2017,34.009998,34.32,33.84,34.16,34.16,8854900,Thursday,,,
07/04/2017,34.110001,34.220001,33.799999,33.91,33.91,6644500,Friday,CL,,
10/04/2017,34,34.360001,33.93,34.060001,34.060001,6268100,Monday,OP,,
11/04/2017,34.09,34.139999,33.720001,33.990002,33.990002,5165100,Tuesday,,,
12/04/2017,33.880001,34.630001,33.880001,34.27,34.27,10457200,Wednesday,,,
13/04/2017,34.200001,34.700001,34.099998,34.330002,34.330002,7783100,Thursday,CL,Friday,14/04/2017
17/04/2017,34.349998,34.439999,34.09,34.439999,34.439999,6952000,Monday,OP,,
18/04/2017,34.110001,34.369999,33.810001,34.02,34.02,7487000,Tuesday,,,
19/04/2017,34.200001,34.34,33.779999,33.849998,33.849998,15164000,Wednesday,,,
20/04/2017,32.860001,33.040001,32.32,32.529999,32.529999,28093800,Thursday,,,
21/04/2017,32.689999,32.689999,31.940001,32.18,32.18,14339200,Friday,CL,,
24/04/2017,32.23,32.560001,31.889999,32.049999,32.049999,16587800,Monday,OP,,
25/04/2017,32.110001,32.830002,31.98,32.810001,32.810001,14449300,Tuesday,,,
26/04/2017,32.790001,33.130001,32.619999,33.009998,33.009998,11191500,Wednesday,,,
27/04/2017,33.02,33.119999,32.799999,33.060001,33.060001,8396400,Thursday,,,
28/04/2017,33.009998,33.450001,32.889999,33.41,33.41,10088400,Friday,CL,,
01/05/2017,33.459999,33.580002,33.189999,33.310001,33.310001,6931700,Monday,OP,,
02/05/2017,33.389999,33.549999,33.330002,33.509998,33.509998,6573300,Tuesday,,,
03/05/2017,33.599998,33.599998,33.139999,33.259998,33.259998,5661500,Wednesday,,,
04/05/2017,33.400002,33.669998,33.259998,33.509998,33.509998,6990300,Thursday,,,
05/05/2017,33.57,33.709999,33.439999,33.5,33.5,8548200,Friday,CL,,
08/05/2017,33.52,33.720001,33.200001,33.240002,33.240002,9140300,Monday,OP,,
09/05/2017,33.240002,33.869999,33.09,33.720001,33.720001,9298100,Tuesday,,,
10/05/2017,33.669998,34.16,33.669998,33.880001,33.880001,8130800,Wednesday,,,
11/05/2017,33.700001,34.169998,33.66,34.119999,34.119999,5595900,Thursday,,,
12/05/2017,34.189999,34.279999,34,34.07,34.07,5118200,Friday,CL,,
15/05/2017,34.18,34.369999,33.919998,34.18,34.18,4753800,Monday,OP,,
16/05/2017,34.16,34.869999,34.150002,34.810001,34.810001,6408900,Tuesday,,,
17/05/2017,34.560001,34.599998,33.560001,33.580002,33.580002,10453200,Wednesday,,,
18/05/2017,33.639999,33.91,32.990002,33.73,33.73,11999800,Thursday,,,
19/05/2017,33.900002,34.209999,33.599998,33.830002,33.830002,8489200,Friday,CL,,
22/05/2017,33.860001,34.029999,33.650002,33.860001,33.860001,6508200,Monday,OP,,
23/05/2017,34.25,34.860001,34.25,34.610001,34.610001,11322200,Tuesday,,,
24/05/2017,34.619999,34.990002,34.439999,34.82,34.82,9393300,Wednesday,,,
25/05/2017,34.880001,35.299999,34.860001,35.220001,35.220001,8498700,Thursday,,,
26/05/2017,35.259998,35.259998,34.66,34.900002,34.900002,6622500,Friday,CL,,
30/05/2017,34.779999,34.830002,34.369999,34.619999,34.619999,7254300,Tuesday,OP,Monday,29/05/2017
31/05/2017,34.919998,34.919998,34.099998,34.299999,34.299999,9762200,Wednesday,,,
01/06/2017,34.439999,34.889999,34.200001,34.790001,34.790001,6665300,Thursday,,,
02/06/2017,34.919998,35.439999,34.610001,35.32,35.32,6860300,Friday,CL,,
05/06/2017,36.02,36.02,35.389999,35.549999,35.549999,6050100,Monday,OP,,
06/06/2017,35.41,35.810001,35.349998,35.470001,35.470001,5527300,Tuesday,,,
07/06/2017,35.650002,35.869999,35.560001,35.77,35.77,5328300,Wednesday,,,
08/06/2017,36.07,36.32,35.869999,36.139999,36.139999,8920600,Thursday,,,
09/06/2017,36.25,36.5,34.689999,34.939999,34.939999,11051900,Friday,CL,,
12/06/2017,34.700001,34.77,33.98,34.150002,34.150002,12833200,Monday,OP,,
13/06/2017,34.209999,34.549999,34.080002,34.459999,34.459999,7569100,Tuesday,,,
14/06/2017,34.630001,34.73,34.110001,34.5,34.5,6534100,Wednesday,,,
15/06/2017,34.259998,34.290001,33.889999,34.09,34.09,6296600,Thursday,,,
16/06/2017,33.919998,34.32,33.91,33.959999,33.959999,9987700,Friday,CL,,
19/06/2017,34.119999,34.990002,34,34.900002,34.900002,5840700,Monday,OP,,
20/06/2017,34.740002,35.34,34.740002,34.93,34.93,10636800,Tuesday,,,
21/06/2017,35,35.119999,34.75,34.959999,34.959999,5418900,Wednesday,,,
22/06/2017,34.990002,35.279999,34.84,35.119999,35.119999,5633900,Thursday,,,
23/06/2017,35.119999,35.740002,34.959999,35.57,35.57,24063300,Friday,CL,,
26/06/2017,35.889999,35.970001,35,35.09,35.09,6844400,Monday,OP,,
27/06/2017,35,35.32,34.849998,34.91,34.91,8623300,Tuesday,,,
28/06/2017,35,35.330002,34.619999,35.310001,35.310001,4806500,Wednesday,,,
29/06/2017,35.299999,35.299999,34.09,34.509998,34.509998,8277000,Thursday,,,
30/06/2017,34.779999,35.07,34.52,34.919998,34.919998,10845500,Friday,CL,,
03/07/2017,35.150002,35.310001,34.549999,34.599998,34.599998,4517400,Monday,OP,,
05/07/2017,34.73,34.860001,34.509998,34.720001,34.720001,7540700,Wednesday,,,
06/07/2017,34.389999,34.5,33.950001,34.029999,34.029999,8600400,Thursday,,,
07/07/2017,34.02,34.549999,34.009998,34.23,34.23,6896600,Friday,CL,,
10/07/2017,34.310001,35.139999,34.279999,35.040001,35.040001,8736400,Monday,OP,,
11/07/2017,34.970001,35.450001,34.889999,35.189999,35.189999,8455900,Tuesday,,,
12/07/2017,35.529999,36.200001,35.529999,36.029999,36.029999,13437500,Wednesday,,,
13/07/2017,36.610001,37.130001,36.259998,36.5,36.5,12906200,Thursday,,,
14/07/2017,36.91,37.200001,36.830002,37.080002,37.080002,9710400,Friday,CL,,
17/07/2017,37.029999,37.169998,36.57,37.049999,37.049999,8186400,Monday,OP,,
18/07/2017,36.939999,36.939999,36.57,36.799999,36.799999,12773500,Tuesday,,,
19/07/2017,36.950001,37.259998,36.650002,37.080002,37.080002,8817600,Wednesday,,,
20/07/2017,37.169998,37.48,37,37.18,37.18,17538300,Thursday,,,
21/07/2017,36.200001,36.900002,36.049999,36.610001,36.610001,22222100,Friday,CL,,
24/07/2017,36.450001,36.73,36.220001,36.380001,36.380001,13039800,Monday,OP,,
25/07/2017,36.330002,36.490002,36.060001,36.32,36.32,6499000,Tuesday,,,
26/07/2017,36.360001,37.07,36.360001,37.040001,37.040001,11305100,Wednesday,,,
27/07/2017,37.09,37.27,35.540001,36.169998,36.169998,15288200,Thursday,,,
28/07/2017,36.080002,36.209999,35.73,35.939999,35.939999,7654600,Friday,CL,,
31/07/2017,36.09,36.130001,35.650002,35.73,35.73,6228000,Monday,OP,,
01/08/2017,35.82,36.02,35.75,35.91,35.91,4685400,Tuesday,,,
02/08/2017,35.689999,35.950001,35.419998,35.900002,35.900002,6484200,Wednesday,,,
03/08/2017,35.970001,35.98,35.57,35.709999,35.709999,5726300,Thursday,,,
04/08/2017,35.860001,35.860001,35.549999,35.619999,35.619999,5182500,Friday,CL,,
07/08/2017,35.610001,36.150002,35.380001,36.110001,36.110001,5380200,Monday,OP,,
08/08/2017,35.959999,36.639999,35.889999,36.360001,36.360001,9655700,Tuesday,,,
09/08/2017,36.130001,36.23,35.720001,36.080002,36.080002,7888100,Wednesday,,,
10/08/2017,35.950001,35.98,34.880001,34.990002,34.990002,12533800,Thursday,,,
11/08/2017,35.16,35.32,34.759998,35.049999,35.049999,7746800,Friday,CL,,
14/08/2017,35.439999,35.450001,34.880001,35.200001,35.200001,7192500,Monday,OP,,
15/08/2017,35.240002,35.419998,35.119999,35.25,35.25,4588500,Tuesday,,,
16/08/2017,35.23,35.48,35.07,35.360001,35.360001,3976900,Wednesday,,,
17/08/2017,35.5,35.5,34.799999,34.849998,34.849998,6698900,Thursday,,,
18/08/2017,34.830002,35.139999,34.75,34.779999,34.779999,8746600,Friday,CL,,
21/08/2017,35.130001,35.130001,34.09,34.240002,34.240002,8190500,Monday,OP,,
22/08/2017,34.369999,34.810001,34.310001,34.810001,34.810001,6177700,Tuesday,,,
23/08/2017,34.619999,34.98,34.509998,34.889999,34.889999,6326600,Wednesday,,,
24/08/2017,34.860001,35.040001,34.509998,34.880001,34.880001,5778100,Thursday,,,
25/08/2017,34.98,35.07,34.560001,34.68,34.68,6885100,Friday,CL,,
28/08/2017,34.75,34.900002,34.66,34.810001,34.810001,5075300,Monday,OP,,
29/08/2017,34.48,35.32,34.419998,35.200001,35.200001,7118300,Tuesday,,,
30/08/2017,35.139999,35.959999,35.099998,35.689999,35.689999,8288900,Wednesday,,,
31/08/2017,35.849998,36.32,35.82,36.130001,36.130001,8591100,Thursday,,,
01/09/2017,36.200001,36.580002,36.139999,36.349998,36.349998,5122900,Friday,CL,,
05/09/2017,36.189999,36.48,35.77,36.09,36.09,6315000,Tuesday,OP,Monday,04/09/2017
06/09/2017,36.080002,36.98,36.080002,36.759998,36.759998,12965900,Wednesday,,,
07/09/2017,36.950001,38.189999,36.84,38.009998,38.009998,14055300,Thursday,,,
08/09/2017,38.040001,38.299999,37.73,37.790001,37.790001,9075900,Friday,CL,,
11/09/2017,38.040001,38.259998,38,38.09,38.09,6122000,Monday,OP,,
12/09/2017,38.07,38.299999,37.98,38.18,38.18,4259700,Tuesday,,,
13/09/2017,38,38.5,38,38.27,38.27,5622300,Wednesday,,,
14/09/2017,38.240002,38.59,38.130001,38.310001,38.310001,6603800,Thursday,,,
15/09/2017,38.27,38.869999,38.07,38.400002,38.400002,11121900,Friday,CL,,
18/09/2017,38.299999,38.669998,38.18,38.389999,38.389999,5636200,Monday,OP,,
19/09/2017,38.5,38.75,38.32,38.59,38.59,5215300,Tuesday,,,
20/09/2017,38.669998,38.869999,38.209999,38.540001,38.540001,6424600,Wednesday,,,
21/09/2017,38.549999,38.669998,38.189999,38.25,38.25,5715800,Thursday,,,
22/09/2017,38.130001,38.310001,38.049999,38.290001,38.290001,4866100,Friday,CL,,
25/09/2017,38.220001,38.310001,37.540001,37.779999,37.779999,7420300,Monday,OP,,
26/09/2017,37.849998,38.189999,37.75,37.849998,37.849998,6132900,Tuesday,,,
27/09/2017,38.029999,38.290001,37.759998,38.049999,38.049999,9377700,Wednesday,,,
28/09/2017,37.439999,37.959999,37.439999,37.73,37.73,7734200,Thursday,,,
29/09/2017,37.73,38.599998,37.709999,38.459999,38.459999,9965000,Friday,CL,,
02/10/2017,38.509998,38.779999,38.369999,38.73,38.73,7243800,Monday,OP,,
03/10/2017,38.779999,39.049999,38.490002,38.709999,38.709999,5107000,Tuesday,,,
04/10/2017,38.799999,38.830002,38.5,38.66,38.66,5630400,Wednesday,,,
05/10/2017,38.759998,39.029999,38.669998,38.990002,38.990002,5452500,Thursday,,,
06/10/2017,39.049999,39.080002,38.669998,38.810001,38.810001,7466700,Friday,CL,,
09/10/2017,38.799999,39.27,38.799999,38.990002,38.990002,4983700,Monday,OP,,
10/10/2017,39.02,39.279999,38.77,38.84,38.84,6012700,Tuesday,,,
11/10/2017,38.849998,38.98,38.169998,38.310001,38.310001,11038600,Wednesday,,,
12/10/2017,38.310001,38.5,38.060001,38.09,38.09,10045700,Thursday,,,
13/10/2017,38.349998,38.529999,38.16,38.349998,38.349998,9421300,Friday,CL,,
16/10/2017,38.290001,38.5,37.73,37.77,37.77,8646700,Monday,OP,,
17/10/2017,37.759998,37.84,37.419998,37.490002,37.490002,12012700,Tuesday,,,
18/10/2017,37.68,38.220001,37.540001,37.970001,37.970001,16937800,Wednesday,,,
19/10/2017,36.48,37.490002,36.189999,37.290001,37.290001,29099300,Thursday,,,
20/10/2017,37.34,37.860001,37.299999,37.610001,37.610001,15105900,Friday,CL,,
23/10/2017,37.66,37.849998,36.740002,36.830002,36.830002,10374300,Monday,OP,,
24/10/2017,36.509998,37.029999,36.509998,36.740002,36.740002,8533000,Tuesday,,,
25/10/2017,36.66,36.919998,36.450001,36.68,36.68,8030700,Wednesday,,,
26/10/2017,36.740002,37.240002,36.720001,36.900002,36.900002,7635200,Thursday,,,
27/10/2017,37.07,37.360001,36.639999,36.799999,36.799999,10880100,Friday,CL,,
30/10/2017,36.860001,37.130001,36.740002,37,37,8118100,Monday,OP,,
31/10/2017,37.110001,37.68,37.02,37.639999,37.639999,6722800,Tuesday,,,
01/11/2017,37.849998,38.09,37.439999,37.540001,37.540001,7092900,Wednesday,,,
02/11/2017,37.490002,37.5,36.990002,37.400002,37.400002,5350300,Thursday,,,
03/11/2017,37.439999,37.549999,37.110001,37.5,37.5,5716900,Friday,CL,,
06/11/2017,37.380001,37.610001,37.299999,37.369999,37.369999,4361000,Monday,OP,,
07/11/2017,37.599998,37.599998,37.099998,37.41,37.41,5646000,Tuesday,,,
08/11/2017,37.299999,37.369999,36.939999,37.009998,37.009998,7095200,Wednesday,,,
09/11/2017,36.259998,36.360001,35.209999,35.689999,35.689999,17006900,Thursday,,,
10/11/2017,35.509998,36.049999,35.34,35.970001,35.970001,8329700,Friday,CL,,
13/11/2017,35.700001,36.099998,35.32,35.849998,35.849998,7269000,Monday,OP,,
14/11/2017,35.709999,35.790001,35.18,35.220001,35.220001,11468000,Tuesday,,,
15/11/2017,35.029999,35.470001,34.790001,35.299999,35.299999,8120700,Wednesday,,,
16/11/2017,35.369999,35.82,35.32,35.619999,35.619999,8140200,Thursday,,,
17/11/2017,35.639999,35.709999,35.310001,35.580002,35.580002,7542600,Friday,CL,,
20/11/2017,35.619999,35.970001,35.419998,35.529999,35.529999,5981700,Monday,OP,,
21/11/2017,35.720001,36.110001,35.560001,35.959999,35.959999,5888600,Tuesday,,,
22/11/2017,36.049999,36.200001,35.84,35.939999,35.939999,4576200,Wednesday,,,
24/11/2017,36.07,36.110001,35.700001,35.84,35.84,3122800,Friday,CL,,
27/11/2017,35.880001,36.200001,35.790001,35.990002,35.990002,7221700,Monday,OP,,
28/11/2017,35.990002,36.200001,35.419998,35.5,35.5,11335100,Tuesday,,,
29/11/2017,35.419998,35.450001,33.950001,34.380001,34.380001,22063000,Wednesday,,,
30/11/2017,34.48,35.189999,34.459999,34.669998,34.669998,16415200,Thursday,,,
01/12/2017,34.380001,35.25,34.310001,35.200001,35.200001,11535200,Friday,CL,,
04/12/2017,35.580002,36.080002,35.380001,35.700001,35.700001,11130700,Monday,OP,,
05/12/2017,35.939999,37.189999,35.75,36.810001,36.810001,19264500,Tuesday,,,
06/12/2017,36.639999,36.91,36.360001,36.830002,36.830002,9009600,Wednesday,,,
07/12/2017,36.720001,37.150002,36.5,36.849998,36.849998,7625100,Thursday,,,
08/12/2017,37.25,37.990002,37.16,37.650002,37.650002,12423600,Friday,CL,,
11/12/2017,37.509998,37.689999,37.32,37.52,37.52,7072200,Monday,OP,,
12/12/2017,37.439999,37.490002,37.099998,37.439999,37.439999,6313900,Tuesday,,,
13/12/2017,37.459999,37.639999,37.330002,37.400002,37.400002,5901800,Wednesday,,,
14/12/2017,37.41,37.77,37.41,37.599998,37.599998,5456800,Thursday,,,
15/12/2017,37.720001,38.419998,37.389999,38.369999,38.369999,16277200,Friday,CL,,
18/12/2017,38.5,38.66,38.119999,38.18,38.18,8092100,Monday,OP,,
19/12/2017,38.150002,38.23,37.720001,37.799999,37.799999,7871000,Tuesday,,,
20/12/2017,37.869999,38.099998,37.740002,37.93,37.93,6551500,Wednesday,,,
21/12/2017,38.110001,38.240002,37.77,37.810001,37.810001,9619400,Thursday,,,
22/12/2017,37.689999,37.91,37.529999,37.759998,37.759998,7603300,Friday,CL,,
26/12/2017,37.790001,38.009998,37.599998,37.939999,37.939999,4537000,Tuesday,OP,Monday,25/12/2017
27/12/2017,38.07,38.080002,37.560001,37.610001,37.610001,4244100,Wednesday,,,
28/12/2017,37.459999,37.93,37.450001,37.919998,37.919998,3398600,Thursday,,,
29/12/2017,37.82,38.029999,37.650002,37.740002,37.740002,4652500,Friday,CL,,