,Date,Normalized,NVDA,AMD,AMZN,G+!
1,2015-01-05,-0.5546345688038383,-0.8023616180418525,-0.13453385993143147,-0.8023616180418525,-0.8378989235992106
2,2015-01-06,-0.8378989235992106,-1.353122621800416,-0.318838033713944,-1.353122621800416,-0.13881131320566098
3,2015-01-07,-0.13881131320566098,-0.22467808209850368,-0.5095102005532476,-0.22467808209850368,1.597418150156159
4,2015-01-08,1.597418150156159,1.3586129339051014,0.23731181427617923,1.3586129339051014,-0.8946471890816775
5,2015-01-09,-0.8946471890816775,0.040794936962464126,0.14194872311720858,0.040794936962464126,-0.5154523437287218
6,2015-01-12,-0.5154523437287218,-0.6254562592635248,-0.04341655438661992,-0.6254562592635248,-0.11616313425609678
7,2015-01-13,-0.11616313425609678,-0.18125977936699378,0.23200492494070413,-0.18125977936699378,-1.277940258151394
8,2015-01-14,-1.277940258151394,0.04242937397640007,-0.318838033713944,0.04242937397640007,-1.198929206739807
9,2015-01-15,-1.198929206739807,-0.40522489428679187,-1.0808949967744292,-0.40522489428679187,0.7000042038501492
10,2015-01-16,0.7000042038501492,0.6086750058509642,-1.3295645361527362,0.6086750058509642,-0.015182038177111144
11,2015-01-20,-0.015182038177111144,5.561771212167412e-06,-1.6173626307120434,5.561771212167412e-06,-0.38286168369227186
12,2015-01-21,-0.38286168369227186,0.43601124011373854,2.132611607672727,0.43601124011373854,4.159966978181669
13,2015-01-22,4.159966978181669,0.5643767916471918,0.15400513009157737,0.5643767916471918,-0.459338739121617
14,2015-01-23,-0.459338739121617,-0.004008906165840305,-0.24083823886481723,-0.004008906165840305,-0.8014797906350283
15,2015-01-26,-0.8014797906350283,-0.2946019842081018,1.4927625065295531,-0.2946019842081018,-1.5601197333319308
16,2015-01-27,-1.5601197333319308,-2.090582131824222,0.7798057880105705,-2.090582131824222,-1.0017074861934503
17,2015-01-28,-1.0017074861934503,-0.7783951578403674,-0.681273619279982,-0.7783951578403674,0.09885188102404752
18,2015-01-29,0.09885188102404752,0.8428534970659228,-0.22878183189044843,0.8428534970659228,-1.1423954003581627
19,2015-01-30,-1.1423954003581627,-1.3120188914770714,-0.4184469189879695,-1.3120188914770714,0.7805147787583626
20,2015-02-02,0.7805147787583626,0.7463753643262669,0.8835178725906936,0.7463753643262669,0.5772895878129446
21,2015-02-03,0.5772895878129446,0.8676588963587557,0.761609658694742,0.8676588963587557,-0.6534987112059987
22,2015-02-04,-0.6534987112059987,-0.020753031815005984,0.7357754342683752,-0.020753031815005984,0.6226331672480085
23,2015-02-05,0.6226331672480085,0.5300184308695945,3.589989304629346,0.5300184308695945,0.1993863425455767
24,2015-02-06,0.1993863425455767,-0.2964826182495465,-2.1896597870462937,-0.2964826182495465,-0.23029066512746998
25,2015-02-09,-0.23029066512746998,-0.15947827296607173,0.036592524375034685,-0.15947827296607173,1.017128322512529
26,2015-02-10,1.017128322512529,0.9844729507835822,-0.04341655438661992,0.9844729507835822,-0.18296473505011784
27,2015-02-11,-0.18296473505011784,-0.3887111156966101,0.19504100935227303,-0.3887111156966101,-0.48598599625494193
28,2015-02-12,-0.48598599625494193,2.6491351619449777,0.34888169406752784,2.6491351619449777,1.8759603617010376
29,2015-02-13,1.8759603617010376,-0.10224185687325504,0.18895587376455605,-0.10224185687325504,-0.09259741497458854
30,2015-02-17,-0.09259741497458854,0.005257307036289687,-0.35374324992224104,0.005257307036289687,0.4830412391263902
31,2015-02-18,0.4830412391263902,-0.5881556353311945,-0.27879222704545514,-0.5881556353311945,0.7674467709421104
32,2015-02-19,0.7674467709421104,-0.011719748431391038,-0.2016108170428845,-0.011719748431391038,0.35544569047894986
33,2015-02-20,0.35544569047894986,0.16765018954731067,-0.04341655438661992,0.16765018954731067,0.014886204901544364
34,2015-02-23,0.014886204901544364,-0.44416858581385743,-0.04341655438661992,-0.44416858581385743,0.3104908192346832
35,2015-02-24,0.3104908192346832,0.14996129084436838,0.35015338092847986,0.14996129084436838,-0.09079326071479356
36,2015-02-25,-0.09079326071479356,-0.42651411591336075,-0.12162188264684254,-0.42651411591336075,0.16187686069346843
37,2015-02-26,0.16187686069346843,-0.011812185565677235,-0.20058689878523256,-0.011812185565677235,-0.7037195022135748
38,2015-02-27,-0.7037195022135748,-0.37354408583050636,0.19195911827221532,-0.37354408583050636,0.4591480916037141
39,2015-03-02,0.4591480916037141,0.8482840179668613,0.7250885158480211,0.8482840179668613,-0.16467873214959045
40,2015-03-03,-0.16467873214959045,-0.8714234347664377,-0.5788055932964193,-0.8714234347664377,0.014665494184481096
41,2015-03-04,0.014665494184481096,0.32865897810386663,-0.7495878078267664,0.32865897810386663,0.7689185862102643
42,2015-03-05,0.7689185862102643,0.640259570466701,-0.6072201037664208,0.640259570466701,0.7790204707827488
43,2015-03-06,0.7790204707827488,-0.666976747813578,-0.5373196848829835,-0.666976747813578,0.9202424411425434
44,2015-03-09,0.9202424411425434,-0.01378018205871869,0.039601418562316304,-0.01378018205871869,-1.6783639595196675
45,2015-03-10,-1.6783639595196675,0.5646732468355689,-0.12643452733555616,0.5646732468355689,0.4482760314816203
46,2015-03-11,0.4482760314816203,-0.32968236232607034,-0.717980304558687,-0.32968236232607034,-0.3170427961954676
47,2015-03-12,-0.3170427961954676,-0.48945012349551764,-0.7372561408046212,-0.48945012349551764,-0.3911734213471955
48,2015-03-13,-0.3911734213471955,-0.06723432579012417,-0.13155724439224092,-0.06723432579012417,0.4804091224899346
49,2015-03-16,0.4804091224899346,0.35331307033896736,0.044724135619001085,0.35331307033896736,-0.12077381153153542
50,2015-03-17,-0.12077381153153542,0.36501279880843607,0.04440536208373865,0.36501279880843607,-1.1440900286227915
51,2015-03-18,-1.1440900286227915,-0.7801238644815065,-0.2193791608625995,-0.7801238644815065,-0.6198971756000917
52,2015-03-19,-0.6198971756000917,0.4880242596967455,-0.1318783405110403,0.4880242596967455,0.01501179702789807
53,2015-03-20,0.01501179702789807,0.30866250188996386,0.48258379776903526,0.30866250188996386,0.6902822470068045
54,2015-03-23,0.6902822470068045,-1.438429770419699,0.30102515600576757,-1.438429770419699,0.8888517658864866
55,2015-03-24,0.8888517658864866,-0.6706078644948146,-0.47473754685022934,-0.6706078644948146,-1.5555513679823474
56,2015-03-25,-1.5555513679823474,-2.628523700676406,-1.4775001462945094,-2.628523700676406,-0.6129312149883458
57,2015-03-26,-0.6129312149883458,-0.25365605742297637,0.14054442722798544,-0.25365605742297637,0.07942732737872754
58,2015-03-27,0.07942732737872754,0.6552252348984994,0.5896887071271705,0.6552252348984994,0.28129387251951266
59,2015-03-30,0.28129387251951266,0.048027349606083666,-0.22262573262165367,0.048027349606083666,-0.3041563170155004
60,2015-03-31,-0.3041563170155004,-1.1402992146278295,-0.22395815509918712,-1.1402992146278295,-0.627498459362001
61,2015-04-01,-0.627498459362001,0.03258032443076883,0.04702203594786827,0.03258032443076883,-0.27545140789568
62,2015-04-02,-0.27545140789568,-0.02500777569580616,-0.04341655438661992,-0.02500777569580616,-0.13546929926477905
63,2015-04-06,-0.13546929926477905,1.023263543233641,0.0466864559914591,1.023263543233641,0.24274398134681702
64,2015-04-07,0.24274398134681702,0.2293977978627742,-0.04341655438661992,0.2293977978627742,-0.005779542570354163
65,2015-04-08,-0.005779542570354163,0.17184669614053377,0.0463533572262237,0.17184669614053377,-0.14591561956027554
66,2015-04-09,-0.14591561956027554,0.7967334661303533,0.0460227122355702,0.7967334661303533,0.31695619904128847
67,2015-04-10,0.31695619904128847,0.28654792840582055,0.31108220043848184,0.28654792840582055,-0.46874410314349924
68,2015-04-13,-0.46874410314349924,-0.49140956907399663,0.13191080249322207,-0.49140956907399663,-0.027303739526719877
69,2015-04-14,-0.027303739526719877,-0.45904169549287765,-1.0237701243478239,-0.45904169549287765,0.03746095846035243
70,2015-04-15,0.03746095846035243,0.3604700774251901,0.22790172563460656,0.3604700774251901,-0.016527424575077544
71,2015-04-16,-0.016527424575077544,-0.3687098456848441,1.439293384062142,-0.3687098456848441,-1.4011929639607068
72,2015-04-17,-1.4011929639607068,-0.639935471288499,-2.6300772038953717,-0.639935471288499,0.2698596511866653
73,2015-04-20,0.2698596511866653,-0.3191190552168796,-0.9056160053702156,-0.3191190552168796,0.3446978099658017
74,2015-04-21,0.3446978099658017,-0.1746208943050392,-1.4485947738982614,-0.1746208943050392,0.3206583869560718
75,2015-04-22,0.3206583869560718,0.3310869325438948,-0.7777236255747283,0.3310869325438948,2.238959923267882
76,2015-04-23,2.238959923267882,-0.2820724388627884,0.48334452311600234,-0.2820724388627884,0.28487264779291926
77,2015-04-24,0.28487264779291926,-0.4640957288833447,-0.3581000092952611,-0.4640957288833447,-0.15251657485745113
78,2015-04-27,-0.15251657485745113,0.1876460025756827,0.3752616352124343,0.1876460025756827,0.36657675286532365
79,2015-04-28,0.36657675286532365,0.07773871040480083,-0.3567464944298949,0.07773871040480083,-0.6617960556274818
80,2015-04-29,-0.6617960556274818,-0.42651411591336075,-0.36084242653638027,-0.42651411591336075,-0.689297213404781
81,2015-04-30,-0.689297213404781,-0.011812185565677235,-0.2573627263590575,-0.011812185565677235,1.0503339594178425
82,2015-05-01,1.0503339594178425,0.8598523721154268,0.487955489735578,0.8598523721154268,-0.23551886196012223
83,2015-05-04,-0.23551886196012223,-0.3673949375901766,-0.04341655438661992,-0.3673949375901766,-1.2679504732314397
84,2015-05-05,-1.2679504732314397,-1.1608868918665824,-0.36084242653638027,-1.1608868918665824,-0.5177406058829275
85,2015-05-06,-0.5177406058829275,0.0068474593531259835,0.06285378343506613,0.0068474593531259835,0.4627660666033657
86,2015-05-07,0.4627660666033657,0.580342287128231,0.27263216004629615,0.580342287128231,0.8679556033478605
87,2015-05-08,0.8679556033478605,-3.190814828682427,-0.1483097344914617,-3.190814828682427,-0.5421692497071128
88,2015-05-11,-0.5421692497071128,-0.5065626903091777,0.06147662571822184,-0.5065626903091777,-0.08029426952177139
89,2015-05-12,-0.08029426952177139,0.2661709629263529,0.26857146454688624,0.2661709629263529,0.4976924198842796
90,2015-05-13,0.4976924198842796,0.1098482873493801,0.16237055380214965,0.1098482873493801,1.2966713855847223
91,2015-05-14,1.2966713855847223,0.5245045499313232,-0.4567496562608755,0.5245045499313232,-0.748447953234282
92,2015-05-15,-0.748447953234282,-0.10139407867368355,-0.14785857963464008,-0.10139407867368355,0.013644452664245979
93,2015-05-18,0.013644452664245979,-0.1766371356165338,0.26857146454688624,-0.1766371356165338,-0.25575195645236976
94,2015-05-19,-0.25575195645236976,-0.5555881919630529,-0.7777236255747283,-0.5555881919630529,-0.14201839536786234
95,2015-05-20,-0.14201839536786234,-0.12019586369141239,0.3789024978679822,-0.12019586369141239,0.572457236840921
96,2015-05-21,0.572457236840921,-0.40672422908357975,-0.46573560664122204,-0.40672422908357975,-0.0587014449235007
97,2015-05-22,-0.0587014449235007,-0.17774376338786455,-0.04341655438661992,-0.17774376338786455,-1.0664281239656737
98,2015-05-26,-1.0664281239656737,-0.3705488400328114,-0.6909944894801323,-0.3705488400328114,0.6389930284213476
99,2015-05-27,0.6389930284213476,1.96867390242261,0.6041613807068925,1.96867390242261,1.1723603711715544
100,2015-05-28,1.1723603711715544,0.42614654140828195,-0.15015401607330803,0.42614654140828195,0.7692044259497985
101,2015-05-29,0.7692044259497985,-0.1382877598884017,0.06332090730006817,-0.1382877598884017,1.1533407018789297
102,2015-06-01,1.1533407018789297,0.32966745545522735,-0.365046864852777,0.32966745545522735,-0.5912408685226227
103,2015-06-02,-0.5912408685226227,-0.9153636938488902,0.49029137867351824,-0.9153636938488902,-0.028185154658656876
104,2015-06-03,-0.028185154658656876,-0.5606740852975086,-0.255494176980601,-0.5606740852975086,0.43624226946018163
105,2015-06-04,0.43624226946018163,0.5931392517227791,0.48334452311600234,0.5931392517227791,0.686088324530996
106,2015-06-05,0.686088324530996,0.18681306524518565,-0.04341655438661992,0.18681306524518565,-2.39830499904296
107,2015-06-08,-2.39830499904296,-1.0483750620868728,-0.25275175973948183,-1.0483750620868728,-0.48453810134579406
108,2015-06-09,-0.48453810134579406,0.08182910119993783,-0.2545720887146942,0.08182910119993783,0.022960224999304845
109,2015-06-10,0.022960224999304845,-0.8411098573520227,0.27263216004629615,-0.8411098573520227,-0.058452756162447744
110,2015-06-11,-0.058452756162447744,0.3065283191225185,-0.04341655438661992,0.3065283191225185,-0.4772546821471661
111,2015-06-12,-0.4772546821471661,-1.2240910625937798,-0.1483097344914617,-1.2240910625937798,-0.058605342244634914
112,2015-06-15,-0.058605342244634914,-0.19615114478779336,0.06147662571822184,-0.19615114478779336,0.49273921517238756
113,2015-06-16,0.49273921517238756,0.3709455062070003,0.26857146454688624,0.3709455062070003,-0.007616463963581657
114,2015-06-17,-0.007616463963581657,0.3464420163212989,1.1659321083334404,0.3464420163212989,0.10396414422451526
115,2015-06-18,0.10396414422451526,0.5423535880023082,0.44322765716737517,0.5423535880023082,0.4465163217671617
116,2015-06-19,0.4465163217671617,-0.24816897209170122,0.5279682418345617,-0.24816897209170122,0.5424340903690236
117,2015-06-22,0.5424340903690236,-0.28533592412872644,0.3301713287223431,-0.28533592412872644,0.14095437199249358
118,2015-06-23,0.14095437199249358,-1.1633278425543496,-0.13627606883278381,-1.1633278425543496,-0.35679542032733513
119,2015-06-24,-0.35679542032733513,-0.5184802832251353,0.049442960059543975,-0.5184802832251353,-0.0480883751772049
120,2015-06-25,-0.0480883751772049,0.18361903867083965,-0.41700443749558297,0.18361903867083965,-0.5999030419925904
121,2015-06-26,-0.5999030419925904,-0.9419835263565721,-1.1014455621617967,-0.9419835263565721,-1.7445878827527272
122,2015-06-29,-1.7445878827527272,-1.3355967051579063,-1.3563164761017532,-1.3355967051579063,0.8568070206328997
123,2015-06-30,0.8568070206328997,-0.14010459278693568,0.5713690280721347,-0.14010459278693568,0.15561725328248127
124,2015-07-01,0.15561725328248127,0.45317450818786675,0.15810106219806272,0.45317450818786675,1.3906992664482447
125,2015-07-02,1.3906992664482447,-0.08095391077989506,1.0359937468679745,-0.08095391077989506,-0.12768705099757302
126,2015-07-06,-0.12768705099757302,-0.6135059910900865,-0.6262301329695185,-0.6135059910900865,0.18064131516035428
127,2015-07-07,0.18064131516035428,-0.8818602285579672,-4.099946361607195,-0.8818602285579672,-1.0286332119086128
128,2015-07-08,-1.0286332119086128,-0.4045042215363059,-0.9911557086198641,-0.4045042215363059,0.7436408953231685
129,2015-07-09,0.7436408953231685,-0.6123238356494988,-0.40857732186850637,-0.6123238356494988,0.5565471833149235
130,2015-07-10,0.5565471833149235,0.5752138124922137,-0.28994388438758023,0.5752138124922137,1.0373828085604637
131,2015-07-13,1.0373828085604637,0.1425349980045708,-0.04341655438661992,0.1425349980045708,0.07809174725209073
132,2015-07-14,0.07809174725209073,-0.10005685810952265,1.046764531447185,-0.10005685810952265,-0.1833860019720406
133,2015-07-15,-0.1833860019720406,-0.4030657309692853,-1.1335976402204249,-0.4030657309692853,2.0121539063201803
134,2015-07-16,2.0121539063201803,0.7621863484003895,-1.1848517512685703,0.7621863484003895,0.6149413604955184
135,2015-07-17,0.6149413604955184,-0.35892528880736513,-1.1051259192949954,-0.35892528880736513,1.4220802418434866
136,2015-07-20,1.4220802418434866,-0.8653584839759794,0.09186364750758282,-0.8653584839759794,0.02645689864539634
137,2015-07-21,0.02645689864539634,0.06234062323665942,-0.04341655438661992,0.06234062323665942,-0.3615894155915149
138,2015-07-22,-0.3615894155915149,-0.8966321934943923,-0.17869675628082266,-0.8966321934943923,-0.08136713770588677
139,2015-07-23,-0.08136713770588677,0.371932108266674,-0.45383872068687353,0.371932108266674,-0.4723902045419827
140,2015-07-24,-0.4723902045419827,-0.5916973042938131,-1.318021666973224,-0.5916973042938131,-0.5413529787557433
141,2015-07-27,-0.5413529787557433,-0.34767621880920924,-0.7815503899724816,-0.34767621880920924,0.6826699158824029
142,2015-07-28,0.6826699158824029,0.7414937627311238,2.10690198808134,0.7414937627311238,0.8671972862423754
143,2015-07-29,0.8671972862423754,0.3639963588845023,2.432570579408465,0.3639963588845023,-0.8566087336640956
144,2015-07-30,-0.8566087336640956,-0.020052746560736447,-0.41796485569080266,-0.020052746560736447,-0.5825965536771872
145,2015-07-31,-0.5825965536771872,-0.2604616345799264,-0.04341655438661992,-0.2604616345799264,0.41958975431279955
146,2015-08-03,0.41958975431279955,0.5565488014582763,3.136100393285449,0.5565488014582763,0.1353641632366909
147,2015-08-04,0.1353641632366909,0.03738981047622675,-0.8286079830809528,0.03738981047622675,0.285834558571238
148,2015-08-05,0.285834558571238,0.29053817856947517,0.29620763125319577,0.29053817856947517,-0.9057656750423063
149,2015-08-06,-0.9057656750423063,-0.37396191359066505,-0.6121248299728865,-0.37396191359066505,0.8080134563598149
150,2015-08-07,0.8080134563598149,4.550871072101204,-0.2746824303976315,4.550871072101204,0.1984577041096634
151,2015-08-10,0.1984577041096634,1.2502187441088706,-1.9773921074068936,1.2502187441088706,-1.1644931122106186
152,2015-08-11,-1.1644931122106186,-0.32279364462612775,-0.4238326912634323,-0.32279364462612775,-0.3229513175590324
153,2015-08-12,-0.3229513175590324,-0.01877138614141589,-0.04341655438661992,-0.01877138614141589,-0.08204478200473517
154,2015-08-13,-0.08204478200473517,-0.45928519157661307,-1.4915966779959506,-0.45928519157661307,0.552456509674047
155,2015-08-14,0.552456509674047,-0.08615556311975181,0.6255715805677237,-0.08615556311975181,0.02716690890634159
156,2015-08-17,0.02716690890634159,-0.3761968017161851,-0.5771244874467608,-0.3761968017161851,-1.1793624087323302
157,2015-08-18,-1.1793624087323302,-0.654498915045141,-0.04341655438661992,-0.654498915045141,-0.7959237096902945
158,2015-08-19,-0.7959237096902945,-0.2766613059185721,-0.04341655438661992,-0.2766613059185721,-2.1135502769526227
159,2015-08-20,-2.1135502769526227,-1.5927214478672602,-1.431379081269536,-1.5927214478672602,-1.8028929954230344
160,2015-08-21,-1.8028929954230344,-1.3869557730054345,1.0732276924750694,-1.3869557730054345,-2.0767012406278265
161,2015-08-24,-2.0767012406278265,-1.5634659956116428,-0.4561641703975912,-1.5634659956116428,0.6977451910014617
162,2015-08-25,0.6977451910014617,-0.9604255685637271,-1.3255008203980103,-0.9604255685637271,2.2121590684800987
163,2015-08-26,2.2121590684800987,2.792511923484134,0.8187828965969783,2.792511923484134,2.110045535214912
164,2015-08-27,2.110045535214912,1.3578322652696948,0.7892158766521432,1.3578322652696948,0.3014527262874582
165,2015-08-28,0.3014527262874582,0.05637766350718937,0.893223712256222,0.05637766350718937,-0.35496402381455033
166,2015-08-31,-0.35496402381455033,-0.5630936510252279,-0.5742078177614707,-0.5630936510252279,-1.4845355735524342
167,2015-09-01,-1.4845355735524342,-1.7935881709343606,-1.4234886722851774,-1.7935881709343606,0.8613086608681031
168,2015-09-02,0.8613086608681031,1.069298368829924,0.7940020663662106,1.069298368829924,0.3498682175587765
169,2015-09-03,0.3498682175587765,-0.012155119879952563,0.22942601761813938,-0.012155119879952563,-1.3254905635164604
170,2015-09-04,-1.3254905635164604,-1.0663613232208944,0.36018387413458014,-1.0663613232208944,-0.31751060758518773
171,2015-09-08,-0.31751060758518773,1.5565361522553665,0.7442006006406454,1.5565361522553665,-0.41263420246226806
172,2015-09-09,-0.41263420246226806,-0.9227559851015651,-0.4340319494192671,-0.9227559851015651,-0.15561660309844533
173,2015-09-10,-0.15561660309844533,0.5054023712550518,-0.17503060794809452,0.5054023712550518,0.36051592931098125
174,2015-09-11,0.36051592931098125,0.0037595163679760442,2.102427969932209,0.0037595163679760442,-1.384972048911701
175,2015-09-14,-1.384972048911701,-0.049534336723449396,-2.4546487851385925,-0.049534336723449396,0.5089220600445745
176,2015-09-15,0.5089220600445745,0.31862518272018847,0.4844897460009128,0.31862518272018847,1.7356295595623776
177,2015-09-16,1.7356295595623776,0.15814519484751055,0.3451154694092211,0.15814519484751055,-1.1289712427550695
178,2015-09-17,-1.1289712427550695,0.24221583964163906,-0.04341655438661992,0.24221583964163906,-0.6263315127439337
179,2015-09-18,-0.6263315127439337,-0.1545670289779803,-0.30174594218281825,-0.1545670289779803,-0.2749793473153021
180,2015-09-21,-0.2749793473153021,0.29036467067887295,-0.835314994154028,0.29036467067887295,-0.7782645840313343
181,2015-09-22,-0.7782645840313343,-1.2245218643580273,-1.1411281252695047,-1.2245218643580273,-0.08616658010206604
182,2015-09-23,-0.08616658010206604,0.07179165651685372,-0.468198233633416,0.07179165651685372,0.009957456709012066
183,2015-09-24,0.009957456709012066,0.6386752489060938,0.24059526143630638,0.6386752489060938,-0.7143825468545858
184,2015-09-25,-0.7143825468545858,0.16919495427728984,-0.1850072379784229,0.16919495427728984,-2.9982255067890016
185,2015-09-28,-2.9982255067890016,-0.6494922967317582,-0.7640253217784153,-0.6494922967317582,-0.1911911985272222
186,2015-09-29,-0.1911911985272222,0.5783552964188268,0.10242612687590773,0.5783552964188268,0.8747700282805574
187,2015-09-30,0.8747700282805574,1.4368102525503292,0.6729402153344507,1.4368102525503292,1.1336675083299155
188,2015-10-01,1.1336675083299155,-0.9076967285395917,0.23731181427617923,-0.9076967285395917,1.4742701964882243
189,2015-10-02,1.4742701964882243,0.9102550500966834,1.1811824211700157,0.9102550500966834,0.4658328167517994
190,2015-10-05,0.4658328167517994,0.8686562324707223,-0.444793187546065,0.8686562324707223,-0.18166660075255267
191,2015-10-06,-0.18166660075255267,0.39633719986481347,0.35796007877282515,0.39633719986481347,-0.03810456169652699
192,2015-10-07,-0.03810456169652699,0.2975220681607314,0.351433339468465,0.2975220681607314,-3.8169342684475667
193,2015-10-08,-3.8169342684475667,0.11000064911058492,0.8536729771907903,0.11000064911058492,0.34280004214293214
194,2015-10-09,0.34280004214293214,-0.2735130867241082,0.3311317469175628,-0.2735130867241082,0.6165983092192511
195,2015-10-12,0.6165983092192511,0.30762181544100425,-1.1848517512685703,0.30762181544100425,0.11200130300453684
196,2015-10-13,0.11200130300453684,-0.04427847651608807,0.5973259877171544,-0.04427847651608807,-1.607098305014814
197,2015-10-14,-1.607098305014814,1.3101865710644938,0.33306747440359896,1.3101865710644938,1.2554213889967003
198,2015-10-15,1.2554213889967003,-0.01787025283145903,0.20436858988701437,-0.01787025283145903,0.062204908816985954
199,2015-10-16,0.062204908816985954,0.5027139977214552,-0.4160489322153641,0.5027139977214552,-0.013052104286043828
200,2015-10-19,-0.013052104286043828,-0.19213411116316742,0.8173274026392937,-0.19213411116316742,-0.38976829903037336
201,2015-10-20,-0.38976829903037336,-0.17783590142497416,0.07709353630583604,-0.17783590142497416,-0.5694048416012379
202,2015-10-21,-0.5694048416012379,-0.6427370763082736,0.8997207647192486,-0.6427370763082736,7.979016773408735
203,2015-10-22,7.979016773408735,1.300700205352523,0.4147618203124028,1.300700205352523,1.2421518132529277
204,2015-10-23,1.2421518132529277,0.1468280367055592,0.7381641739718051,0.1468280367055592,-0.01626316050276312
205,2015-10-26,-0.01626316050276312,-0.3027053260955211,-0.7117908612228887,-0.3027053260955211,0.39710498122583937
206,2015-10-27,0.39710498122583937,-0.14834518302318572,-0.04341655438661992,-0.14834518302318572,-0.2988615075450516
207,2015-10-28,-0.2988615075450516,0.20236354200104467,0.29307012450605413,0.20236354200104467,-0.19072350962686363
208,2015-10-29,-0.19072350962686363,-1.5274727211793,-0.6068463191080908,-1.5274727211793,-0.652395173659398
209,2015-10-30,-0.652395173659398,0.8658329768763873,-0.15768845202555826,0.8658329768763873,1.2708023881557218
210,2015-11-02,1.2708023881557218,0.3429358006833006,0.7454190934243855,0.3429358006833006,0.8192794331345595
211,2015-11-03,0.8192794331345595,-0.4002432236464464,0.9345438027962565,-0.4002432236464464,0.8074916128630097
212,2015-11-04,0.8074916128630097,-0.7861150536072327,-0.9107492330472308,-0.7861150536072327,-0.03810456169652699
213,2015-11-05,-0.03810456169652699,-0.580011866605873,-0.04341655438661992,-0.580011866605873,0.1714933311121285
214,2015-11-06,0.1714933311121285,5.077036583658693,-0.601664897252156,5.077036583658693,-0.5001616086954761
215,2015-11-09,-0.5001616086954761,-0.2982920087626029,-0.49944373016186766,-0.2982920087626029,-0.1224911932813957
216,2015-11-10,-0.1224911932813957,-0.8925723058888918,-1.1019114939384198,-0.8925723058888918,-0.44051519179867216
217,2015-11-11,-0.44051519179867216,-0.5120412297901487,0.5503228886936349,-0.5120412297901487,-0.8724585900907103
218,2015-11-12,-0.8724585900907103,-0.26483910324419435,-0.87877722917138,-0.26483910324419435,-0.8402625399079203
219,2015-11-13,-0.8402625399079203,-0.9184909453282496,-0.16513477132304447,-0.9184909453282496,0.591499199754931
220,2015-11-16,0.591499199754931,0.6780992179454248,-0.04341655438661992,0.6780992179454248,-0.10293603180247285
221,2015-11-17,-0.10293603180247285,-0.12019586369141239,-0.16574796392003263,-0.12019586369141239,0.6071751279072735
222,2015-11-18,0.6071751279072735,0.7012321793948857,1.6155614356470347,0.7012321793948857,0.004674512222189787
223,2015-11-19,0.004674512222189787,-0.004212620566110171,0.18459200755895896,-0.004212620566110171,0.5788699158850582
224,2015-11-20,0.5788699158850582,0.22574935396252843,0.8477929535681706,0.22574935396252843,-0.5055861204688862
225,2015-11-23,-0.5055861204688862,-0.7243406174993758,-0.04341655438661992,-0.7243406174993758,0.30223548105516884
226,2015-11-24,0.30223548105516884,0.2022926703291219,1.2349171928999276,0.2022926703291219,-0.03810456169652699
227,2015-11-25,-0.03810456169652699,-0.17162111832771948,0.36816505199959515,-0.17162111832771948,0.17365573627931555
228,2015-11-27,0.17365573627931555,0.21288561073232387,-0.558992895463248,0.21288561073232387,0.9891126900166055
229,2015-11-30,0.9891126900166055,0.2986105403739843,0.26724098886358844,0.2986105403739843,-1.1711129610645414
230,2015-12-01,-1.1711129610645414,1.1595110609229846,-0.2500793629464152,1.1595110609229846,-0.20774633190326947
231,2015-12-02,-0.20774633190326947,-0.4270664054591039,-0.7809098282663435,-0.4270664054591039,-0.850351772063002
232,2015-12-03,-0.850351772063002,-0.20654269159716845,-0.47512096347575783,-0.20654269159716845,1.5758089364935515
233,2015-12-04,1.5758089364935515,1.4775156024022225,0.4950253163892061,1.4775156024022225,-0.6701290793133878
234,2015-12-07,-0.6701290793133878,-0.8868858021279131,0.7940020663662106,-0.8868858021279131,-0.5911551912722754
235,2015-12-08,-0.5911551912722754,0.42041183138713645,0.263316788556597,0.42041183138713645,-1.0072266053681451
236,2015-12-09,-1.0072266053681451,-1.1475504805770436,-0.4532614468945592,-1.1475504805770436,0.45913062969950447
237,2015-12-10,0.45913062969950447,0.2090058939899767,0.9685104238552431,0.2090058939899767,-1.343772452536234
238,2015-12-11,-1.343772452536234,-0.7196468024694284,-0.9522319830637607,-0.7196468024694284,0.1156632184108723
239,2015-12-14,0.1156632184108723,-0.021713410491676435,-0.2500793629464152,-0.021713410491676435,0.5514041035921314
240,2015-12-15,0.5514041035921314,0.36862936038561644,0.16324625417317537,0.36862936038561644,0.5242868837471223
241,2015-12-16,0.5242868837471223,0.12199301871794271,1.7414241370553067,0.12199301871794271,-1.1680742023962947
242,2015-12-17,-1.1680742023962947,-0.728445894757508,0.14703723318836504,-0.728445894757508,-1.3458324868066693
243,2015-12-18,-1.3458324868066693,-0.7751883417483663,-1.109895604726391,-0.7751883417483663,0.25243844588634434
244,2015-12-21,0.25243844588634434,0.8157443710969853,0.7368187086744759,0.8157443710969853,0.627180601712473
245,2015-12-22,0.627180601712473,-0.08369845381486322,2.1572794353961418,-0.08369845381486322,-0.28120423524476923
246,2015-12-23,-0.28120423524476923,0.03758804201486442,0.47694764602625295,0.03758804201486442,-0.3044115461741737
247,2015-12-24,-0.3044115461741737,0.012825095060413568,0.716800665320217,0.012825095060413568,-0.08260321299946494
248,2015-12-28,-0.08260321299946494,-0.1564302893332208,0.6129134923300995,-0.1564302893332208,0.5599006654591719
249,2015-12-29,0.5599006654591719,0.5270825686253254,-0.04341655438661992,0.5270825686253254,-0.39177455959479346
250,2015-12-30,-0.39177455959479346,-0.4665078189545542,-0.2058434706069757,-0.4665078189545542,-0.6395724192942224
251,2015-12-31,-0.6395724192942224,-0.6392673873293224,-0.9567210160844255,-0.6392673873293224,-2.434702248106297
252,2016-01-04,-2.434702248106297,-0.843539652284309,-0.904596643304888,-0.843539652284309,-0.7638976782790081
253,2016-01-05,-0.7638976782790081,0.5180074595114635,-0.2193791608625995,0.5180074595114635,0.6411205694554718
254,2016-01-06,0.6411205694554718,-1.81132068740516,-2.260871055925882,-1.81132068740516,-1.7384691588274075
255,2016-01-07,-1.7384691588274075,-1.7401549797283973,-2.3771647486452077,-1.7401549797283973,0.10539926546858963
256,2016-01-08,0.10539926546858963,-0.989208311632426,-1.5822039974349231,-0.989208311632426,0.792407841987774
257,2016-01-11,0.792407841987774,-0.05267399413711113,2.1261267008547184,-0.05267399413711113,0.22061240357809953
258,2016-01-12,0.22061240357809953,0.5488208607008551,0.4699795971163923,0.5488208607008551,-1.9449981961130878
259,2016-01-13,-1.9449981961130878,-1.3599549290645214,-1.5091988285488247,-1.3599549290645214,1.0417904835265668
260,2016-01-14,1.0417904835265668,-0.9359458633676419,-0.4789929586103408,-0.9359458633676419,-1.4822179936432616
261,2016-01-15,-1.4822179936432616,-2.3607356027332376,-2.106397999841258,-2.3607356027332376,1.191539199883925
262,2016-01-19,1.191539199883925,0.2034712154486524,-1.0197383452585578,0.2034712154486524,0.08113623124200031
263,2016-01-20,0.08113623124200031,0.09899685508445964,-1.987072288294786,0.09899685508445964,0.6018319574431791
264,2016-01-21,0.6018319574431791,0.34344214074827606,3.583875057225594,0.34344214074827606,0.7583857722223081
265,2016-01-22,0.7583857722223081,0.8053652079057029,-0.8706456179274082,0.8053652079057029,-0.7168175732749803
266,2016-01-25,-0.7168175732749803,-0.16244775147006957,1.1298905774726924,-0.16244775147006957,1.1505430684046343
267,2016-01-26,1.1505430684046343,0.27242053663095445,-0.6229842431656775,0.27242053663095445,-0.5713187664255239
268,2016-01-27,-0.5713187664255239,-0.5974457754642145,0.650423032031376,-0.5974457754642145,-8.219211350500508
269,2016-01-28,-8.219211350500508,-0.560351583959196,-0.6202306929301807,-0.560351583959196,0.8333580392799734
270,2016-01-29,0.8333580392799734,1.612115656806072,1.3185890128512736,1.612115656806072,1.2078430853760747
271,2016-02-01,1.2078430853760747,-0.1065285481603135,-0.7148713187743122,-0.1065285481603135,-1.7314402322861933
272,2016-02-02,-1.7314402322861933,-1.8519004485729227,-1.808071696832441,-1.8519004485729227,0.5140839046014382
273,2016-02-03,0.5140839046014382,0.07911409115016775,0.9136623373345645,0.07911409115016775,-0.06428728429482207
274,2016-02-04,-0.06428728429482207,-0.10600036612750231,0.19007306607391344,-0.10600036612750231,-0.8022894493684162
275,2016-02-05,-0.8022894493684162,-2.730291138304386,-1.3563164761017505,-2.730291138304386,-1.9774858738293772
276,2016-02-08,-1.9774858738293772,-1.9968682465425467,-0.6644921856917629,-1.9968682465425467,-1.3378905528522398
277,2016-02-09,-1.3378905528522398,0.3062554503764244,-0.4238326912634323,0.3062554503764244,0.8222773768382674
278,2016-02-10,0.8222773768382674,-0.2145707928564171,-0.822608543041607,-0.2145707928564171,-0.70315218291468
279,2016-02-11,-0.70315218291468,-0.3254426530274414,0.21910203956776925,-0.3254426530274414,1.0937059321692177
280,2016-02-12,1.0937059321692177,0.5547170956551913,-0.43826644824170485,0.5547170956551913,1.2074292533127016
281,2016-02-16,1.2074292533127016,1.7943749598529857,-0.04341655438661992,1.7943749598529857,0.6813872674820403
282,2016-02-17,0.6813872674820403,0.8617781131753895,0.8681067341690628,0.8617781131753895,0.7777438812626811
283,2016-02-18,0.7777438812626811,3.1853362719205656,0.08405215530573242,3.1853362719205656,0.6895947814636417
284,2016-02-19,0.6895947814636417,0.40952625711635987,-0.04341655438661992,0.40952625711635987,1.0629476647900247
285,2016-02-22,1.0629476647900247,1.2760101637782288,1.1957672715848695,1.2760101637782288,-1.6320109982491227
286,2016-02-23,-1.6320109982491227,-0.018683997570053977,-0.5315281335837895,-0.018683997570053977,0.8410790009385282
287,2016-02-24,0.8410790009385282,0.1576422152341422,0.5652051155030056,0.1576422152341422,0.5241614663663486
288,2016-02-25,0.5241614663663486,-0.032196811501997144,0.07649842232205811,-0.032196811501997144,-0.03810456169652699
289,2016-02-26,-0.03810456169652699,-0.3847777961298342,0.43040791198495687,-0.3847777961298342,-1.012541702170818
290,2016-02-29,-1.012541702170818,-0.5267606141995009,0.7641596963380164,-0.5267606141995009,1.114162205283322
291,2016-03-01,1.114162205283322,1.6166063029468394,0.4062765460282104,1.6166063029468394,-1.3974971418791962
292,2016-03-02,-1.3974971418791962,0.11146189664122737,1.4679968405014547,0.11146189664122737,0.5298268877095882
293,2016-03-03,0.5298268877095882,-0.47431735123063384,1.3794099173735779,-0.47431735123063384,1.1579042222947555
294,2016-03-04,1.1579042222947555,-0.24304139106539074,-0.9484678990245422,-0.24304139106539074,-0.4172898951060815
295,2016-03-07,-0.4172898951060815,-0.3793956013381172,0.9601450001446707,-0.3793956013381172,-0.521785849485637
296,2016-03-08,-0.521785849485637,-0.8575355182443524,-1.7749946657008076,-0.8575355182443524,-0.3455560566499009
297,2016-03-09,-0.3455560566499009,-0.14542989712982357,-0.4694403489530386,-0.14542989712982357,-0.7095738161760239
298,2016-03-10,-0.7095738161760239,-0.1833505996029594,-0.04341655438661992,-0.1833505996029594,0.8128970195462022
299,2016-03-11,0.8128970195462022,0.5566622199919343,2.600829563047981,0.5566622199919343,0.6241917194542179
300,2016-03-14,0.6241917194542179,-0.02088915791929109,1.811128131129585,-0.02088915791929109,-1.8377094783650167
301,2016-03-15,-1.8377094783650167,-0.3190611313736694,-2.188775894665239,-0.3190611313736694,0.22222720988398326
302,2016-03-16,0.22222720988398326,1.0584457734326576,1.2848765427636033,1.0584457734326576,0.16937052811235123
303,2016-03-17,0.16937052811235123,-0.4603955726972605,1.4775463195924914,-0.4603955726972605,-0.012219307447139859
304,2016-03-18,-0.012219307447139859,1.0699257924277557,1.0586068791267709,1.0699257924277557,1.4196354145828074
305,2016-03-21,1.4196354145828074,-0.0019264077163007919,-1.1454399879000108,-0.0019264077163007919,-0.5711586915830799
306,2016-03-22,-0.5711586915830799,-0.19111869061861503,-0.13029583645784182,-0.19111869061861503,0.0637883725675171
307,2016-03-23,0.0637883725675171,0.5601660901080521,-1.0201846821137146,0.5601660901080521,0.3677776913816315
308,2016-03-24,0.3677776913816315,-0.06208177753628961,0.9333515733404746,-0.06208177753628961,-0.5713736364729757
309,2016-03-28,-0.5713736364729757,0.28426070075870563,-0.13060779146116977,0.28426070075870563,-0.08913681709559425
310,2016-03-29,-0.08913681709559425,0.5185493495029915,0.6455015213871121,0.5185493495029915,-0.19144559481285228
311,2016-03-30,-0.19144559481285228,0.2963119578245138,-0.04341655438661992,0.2963119578245138,-0.5004422112293204
312,2016-03-31,-0.5004422112293204,-0.26604035042897495,-0.1284699983851989,-0.26604035042897495,0.01343306526886594
313,2016-04-01,0.01343306526886594,0.4600364167151486,-0.21442242615838358,0.4600364167151486,0.3471009927435836
314,2016-04-04,0.3471009927435836,-0.509812928738841,-0.04341655438661992,-0.509812928738841,0.8766478187499483
315,2016-04-05,0.8766478187499483,-0.17616457912334424,-0.6516026712698514,-0.17616457912334424,2.5305954153194015
316,2016-04-06,2.5305954153194015,-0.06422714825948053,0.30598132163899383,-0.06422714825948053,-3.3426214179153155
317,2016-04-07,-3.3426214179153155,-0.5362358758721684,-1.4722247316668255,-0.5362358758721684,-0.1147285771868845
318,2016-04-08,-0.1147285771868845,0.13893218182987682,0.8593912707379304,0.13893218182987682,-0.06366968100270318
319,2016-04-11,-0.06366968100270318,0.12610768227764715,0.13318592174342148,0.12610768227764715,0.8755232904921275
320,2016-04-12,0.8755232904921275,-0.16486671087057087,0.39255087299209357,-0.16486671087057087,1.6024274813865902
321,2016-04-13,1.6024274813865902,0.8730170143312367,-0.12998610573971964,0.8730170143312367,0.2799338638911661
322,2016-04-14,0.2799338638911661,-0.011346631890409914,-0.7473131852373355,-0.011346631890409914,-0.01370784979411126
323,2016-04-15,-0.01370784979411126,0.1938113883507458,-0.22262573262165367,0.1938113883507458,0.18103153951851686
324,2016-04-18,0.18103153951851686,-0.29313608889028,0.4902913786735156,-0.29313608889028,-2.5432469770667283
325,2016-04-19,-2.5432469770667283,-0.8415753508381963,-1.3074873153977822,-0.8415753508381963,0.8665658300385496
326,2016-04-20,0.8665658300385496,0.033913650566677514,0.6869462735644067,0.033913650566677514,0.036689800238325326
327,2016-04-21,0.036689800238325326,-0.1641677707744978,-0.7737793823376466,-0.1641677707744978,-0.7649327293120869
328,2016-04-22,-0.7649327293120869,-0.27447501333531604,10.170311825666325,-0.27447501333531604,-0.4935980779965956
329,2016-04-25,-0.4935980779965956,0.07805519303557669,-3.5745387989699333,0.07805519303557669,0.643875916249394
330,2016-04-26,0.643875916249394,-0.08725051069195207,1.3914238508306367,-0.08725051069195207,1.8906192771908064
331,2016-04-27,1.8906192771908064,0.7807381809921642,0.4166219247551261,0.7807381809921642,-1.6411432126672396
332,2016-04-28,-1.6411432126672396,-1.3296882463089543,-0.8374731396244732,-1.3296882463089543,-0.5146883677538325
333,2016-04-29,-0.5146883677538325,-0.8683334622929726,-0.45039926708977357,-0.8683334622929726,-0.46767180276750014
334,2016-05-02,-0.46767180276750014,0.4060762952908419,1.2226367942673657,0.4060762952908419,-0.7522322177689538
335,2016-05-03,-0.7522322177689538,-0.6014076393369586,-0.9698457174007954,-0.6014076393369586,-0.501605992409123
336,2016-05-04,-0.501605992409123,-1.0426786520380276,-0.04341655438661992,-1.0426786520380276,-0.01226280185412246
337,2016-05-05,-0.01226280185412246,0.1210171502716128,0.3579600787728306,0.1210171502716128,-0.012271070349738131
338,2016-05-06,-0.012271070349738131,0.2899569943778957,0.08891474551407585,0.2899569943778957,0.4762488179200508
339,2016-05-09,0.4762488179200508,-0.17691420196328342,-0.24218492291450938,-0.17691420196328342,0.3194009199818505
340,2016-05-10,0.3194009199818505,0.6443293037460925,-0.11003589229187402,0.6443293037460925,-1.1169150254622802
341,2016-05-11,-1.1169150254622802,-0.008984432402334309,0.023202783518634182,-0.008984432402334309,-0.45410821512689586
342,2016-05-12,-0.45410821512689586,-0.6680972078318423,-0.44590201347542224,-0.6680972078318423,0.4814645074900813
343,2016-05-13,0.4814645074900813,5.549637173809497,0.4917617673285285,5.549637173809497,0.013606373828838322
344,2016-05-16,0.013606373828838322,1.0451170010776827,0.7378647807858597,1.0451170010776827,-1.4234863006311458
345,2016-05-17,-1.4234863006311458,-0.034859570902584916,-0.04341655438661992,-0.034859570902584916,1.0623042268011338
346,2016-05-18,1.0623042268011338,0.8899044542514161,0.27484138840024996,0.8899044542514161,-0.7432476565108626
347,2016-05-19,-0.7432476565108626,0.054899059320009616,-0.4901548679935943,0.054899059320009616,0.5630793323320232
348,2016-05-20,0.5630793323320232,0.59070854414124,0.5922934011339547,0.59070854414124,-0.5343144213430905
349,2016-05-23,-0.5343144213430905,-0.057009813040918476,1.0005026466532558,-0.057009813040918476,1.4898469385655913
350,2016-05-24,1.4898469385655913,0.7364435741284118,0.8997207647192513,0.7364435741284118,-0.06368326971939334
351,2016-05-25,-0.06368326971939334,-0.2882937151535514,-0.1593248099517003,-0.2882937151535514,0.16626872681886554
352,2016-05-26,0.16626872681886554,0.3031165311233487,0.9246048660624357,0.3031165311233487,0.5709727236546028
353,2016-05-27,0.5709727236546028,0.09851799504304781,1.3135137210707089,0.09851799504304781,0.21390347402492013
354,2016-05-31,0.21390347402492013,0.5889138942378316,-0.20230087326525634,0.5889138942378316,-1.0268461536585287
355,2016-06-01,-1.0268461536585287,-0.04312587733190053,-0.7989403156840091,-0.04312587733190053,0.42021440628740925
356,2016-06-02,0.42021440628740925,0.16113014951219878,-1.1078821017984601,0.16113014951219878,-0.72686989796378
357,2016-06-03,-0.72686989796378,-0.6848407801222582,-0.5059587952912397,-0.6848407801222582,-0.012456737345012589
358,2016-06-06,-0.012456737345012589,-0.3275099168049467,1.7018644648253742,-0.3275099168049467,0.7010710951958787
359,2016-06-07,0.7010710951958787,-0.042326621893287245,0.17291212300228687,-0.042326621893287245,-0.16491873745358082
360,2016-06-08,-0.16491873745358082,-0.2500639144687258,-0.31412987586484253,-0.2500639144687258,0.21525784676579685
361,2016-06-09,0.21525784676579685,0.9071313411248191,0.2810791444167712,0.9071313411248191,-0.6990299073624004
362,2016-06-10,-0.6990299073624004,-1.1301823401013018,-1.1423703041293156,-1.1301823401013018,-0.49986639599072136
363,2016-06-13,-0.49986639599072136,0.38798132301045873,0.40215068866789994,0.38798132301045873,-0.06385976759570093
364,2016-06-14,-0.06385976759570093,-0.04324106687503149,-0.09866739377634504,-0.04324106687503149,0.16763579191234404
365,2016-06-15,0.16763579191234404,0.28775070879016423,0.12196024897383793,0.28775070879016423,-0.32117271500529826
366,2016-06-16,-0.32117271500529826,0.040140200414586706,1.7050597715522342,0.040140200414586706,-0.19305496919575518
367,2016-06-17,-0.19305496919575518,-0.8253894332431368,2.4330922222143796,-0.8253894332431368,1.9464619186025627
368,2016-06-20,1.9464619186025627,0.5934204624939612,-0.7935220163761767,0.5934204624939612,0.28652298726613984
369,2016-06-21,0.28652298726613984,-0.3651296389237074,1.5683515515779538,-0.3651296389237074,-0.941299055355563
370,2016-06-22,-0.941299055355563,-0.1540975882487771,-2.0391093919530254,-0.1540975882487771,1.2375384630175883
371,2016-06-23,1.2375384630175883,0.9341599663543102,0.8586851001931721,0.9341599663543102,-4.450504285462586
372,2016-06-24,-4.450504285462586,-2.4670394058964935,-1.632348375413762,-2.4670394058964935,-1.1383165043019106
373,2016-06-27,-1.1383165043019106,-0.5516095170512996,-0.8529159614450299,-0.5516095170512996,0.6886360913500894
374,2016-06-28,0.6886360913500894,0.4598149175028756,1.9318779246302917,0.4598149175028756,0.8122397241726546
375,2016-06-29,0.8122397241726546,0.5288687176154206,0.003964403935185443,0.5288687176154206,0.22523882974878734
376,2016-06-30,0.22523882974878734,0.1876541964600224,0.003872133266629927,0.1876541964600224,0.9265727268681861
377,2016-07-01,0.9265727268681861,-0.4194641213018837,-0.3763877540302082,-0.4194641213018837,-0.08986676949374683
378,2016-07-05,-0.08986676949374683,0.4676658406195084,-0.5760601788215065,0.4676658406195084,0.14286389859454013
379,2016-07-06,0.14286389859454013,0.1327330425289705,0.3451154694092238,0.1327330425289705,0.21950178550717336
380,2016-07-07,0.21950178550717336,0.9086037736574685,-0.13996830559019616,0.9086037736574685,1.6855825189879268
381,2016-07-08,1.6855825189879268,1.4539174556316325,0.34050817721521165,1.4539174556316325,0.5836543529587278
382,2016-07-11,0.5836543529587278,0.7907869476132242,-0.47576150828476427,0.7907869476132242,0.6264059822097844
383,2016-07-12,0.6264059822097844,0.4758113184916647,0.5786382193959003,0.4758113184916647,-0.062583767016479
384,2016-07-13,-0.062583767016479,-0.13536783223824392,-0.2807863178056706,-0.13536783223824392,2.2690248498727805
385,2016-07-14,2.2690248498727805,0.28744387684699546,0.33526922437283013,0.28744387684699546,0.57213468561993
386,2016-07-15,0.57213468561993,-0.5885795045096771,-0.1847325697270193,-0.5885795045096771,0.3112223612077531
387,2016-07-18,0.3112223612077531,0.0844516986471131,1.6445137319298602,0.0844516986471131,-0.01488648034295916
388,2016-07-19,-0.01488648034295916,0.29347078955078615,-0.4881676945512188,0.29347078955078615,1.0889783717962376
389,2016-07-20,1.0889783717962376,0.40018507298040457,-0.04341655438661992,0.40018507298040457,6.322367408768574
390,2016-07-21,6.322367408768574,-0.8656829348434646,-0.9115653359371517,-0.8656829348434646,1.102250213211967
391,2016-07-22,1.102250213211967,0.9562833462937518,2.6819170576607716,0.9562833462937518,0.34404798672827286
392,2016-07-25,0.34404798672827286,0.6128912983377484,3.292465949709077,0.6128912983377484,1.3888840424863682
393,2016-07-26,1.3888840424863682,0.5573045611527366,0.9507523146337765,0.5573045611527366,-0.2146803208859669
394,2016-07-27,-0.2146803208859669,-0.5253187285302333,-0.4999383657643605,-0.5253187285302333,-0.31378432639128323
395,2016-07-28,-0.31378432639128323,-0.034566303628197154,-0.1499978524966376,-0.034566303628197154,-0.05784346955590689
396,2016-07-29,-0.05784346955590689,0.5302883801918068,0.09858813940826616,0.5302883801918068,0.1393180103687551
397,2016-08-01,0.1393180103687551,-0.38053398114795167,-0.8349238639272181,-0.38053398114795167,-0.9503533455945471
398,2016-08-02,-0.9503533455945471,-0.6102610807619114,-1.4744412195909347,-0.6102610807619114,0.2807367290688194
399,2016-08-03,0.2807367290688194,-0.013149887657775363,0.11125106046216174,-0.013149887657775363,0.1801401634953223
400,2016-08-04,0.1801401634953223,0.6142332291508759,0.6031470431710569,0.6142332291508759,0.6120338057070481
401,2016-08-05,0.6120338057070481,0.5528695710665557,0.47641716287917707,0.5528695710665557,-0.5102479767951464
402,2016-08-08,-0.5102479767951464,0.24965627352957273,0.2123858624079642,0.24965627352957273,-0.11714699713963314
403,2016-08-09,-0.11714699713963314,-0.018064697717825127,-0.33598314691796566,-0.018064697717825127,-0.018333935192137822
404,2016-08-10,-0.018333935192137822,-0.3794416776985055,-0.4515393282855793,-0.3794416776985055,0.11983212028624417
405,2016-08-11,0.11983212028624417,0.6861142294600663,0.2910104620798979,0.6861142294600663,-0.6523850029194433
406,2016-08-12,-0.6523850029194433,2.0598275336520935,0.5039259295381338,2.0598275336520935,0.27970722843966084
407,2016-08-15,0.27970722843966084,-0.15832988675779783,0.7376743772555127,-0.15832988675779783,-0.47551836269163694
408,2016-08-16,-0.47551836269163694,-0.3625555146618343,-0.6447677058328833,-0.3625555146618343,-0.4786508957929195
409,2016-08-17,-0.4786508957929195,-1.0586975449943352,-0.4042364685434554,-1.0586975449943352,-0.21924419688614905
410,2016-08-18,-0.21924419688614905,0.49716206750630226,1.2311885581999866,0.49716206750630226,0.18321153095344914
411,2016-08-19,0.18321153095344914,-0.017149396978788548,1.8790037313507983,-0.017149396978788548,-0.0581875014846302
412,2016-08-22,-0.0581875014846302,0.04669244952423137,-0.17122070959849944,0.04669244952423137,0.062262689294126844
413,2016-08-23,0.062262689294126844,0.12883786237573064,0.24320264329149868,0.12883786237573064,1.1143663984106138
414,2016-08-24,1.1143663984106138,-0.7424760307776376,-0.8153830238255677,-0.7424760307776376,0.13880776740570339
415,2016-08-25,0.13880776740570339,-0.3861566413636476,0.08696085109108366,-0.3861566413636476,-0.09702079030990333
416,2016-08-26,-0.09702079030990333,0.20391087781230743,0.5981725095746242,0.20391087781230743,0.1384711974929129
417,2016-08-29,0.1384711974929129,-0.14602615385520681,-0.2980215965565439,-0.14602615385520681,0.6825316087717666
418,2016-08-30,0.6825316087717666,-0.3534394805544772,-0.3654734427486931,-0.3534394805544772,0.7124556413043078
419,2016-08-31,0.7124556413043078,-0.30907966148045635,-0.3369655972422031,-0.30907966148045635,-0.09551404259268978
420,2016-09-01,-0.09551404259268978,1.0443826363361648,-0.20804588623006753,1.0443826363361648,0.2484142869517452
421,2016-09-02,0.2484142869517452,-0.5153119585237675,0.4795158145136987,-0.5153119585237675,0.2091420656508355
422,2016-09-06,0.2091420656508355,0.25588938542024975,-0.5994091509065089,0.25588938542024975,0.15140599294123366
423,2016-09-07,0.15140599294123366,-0.7146232112626946,-1.7565903761970156,-0.7146232112626946,0.32037775420760534
424,2016-09-08,0.32037775420760534,0.16853221025744416,-2.311700652155172,0.16853221025744416,-1.5810970723507995
425,2016-09-09,-1.5810970723507995,-2.1662328214875646,-1.3649795990747267,-2.1662328214875646,1.1085570149028312
426,2016-09-12,1.1085570149028312,0.6989411010999155,0.1206565930425049,0.6989411010999155,-1.1461959912043875
427,2016-09-13,-1.1461959912043875,-0.7045352133932711,-0.8750983058349467,-0.7045352133932711,-0.2505315586056539
428,2016-09-14,-0.2505315586056539,0.23275756642173587,1.193662483171093,0.23275756642173587,0.3091210932238635
429,2016-09-15,0.3091210932238635,1.370042823581258,-0.12395637427578743,1.370042823581258,-0.4433899247872148
430,2016-09-16,-0.4433899247872148,-0.024489587667764903,0.07729322244767597,-0.024489587667764903,-0.4265889965593223
431,2016-09-19,-0.4265889965593223,0.4052790778420568,0.39412201164462024,0.4052790778420568,-0.4486690127349873
432,2016-09-20,-0.4486690127349873,-0.4866679371580304,-0.00402849475993733,-0.4866679371580304,1.1469888870107618
433,2016-09-21,1.1469888870107618,0.9878417565008742,0.4243231099520484,0.9878417565008742,0.5555204462503841
434,2016-09-22,0.5555204462503841,-0.02153142401252477,0.2634783164694828,-0.02153142401252477,-0.439609107617154
435,2016-09-23,-0.439609107617154,-0.1633327273119587,0.633235898316522,-0.1633327273119587,-0.8102051374932371
436,2016-09-26,-0.8102051374932371,-0.49808328846968447,-0.9114232946840981,-0.49808328846968447,0.48412664650699877
437,2016-09-27,0.48412664650699877,1.226237555677464,0.7874889816945664,1.226237555677464,-0.21169078607889666
438,2016-09-28,-0.21169078607889666,0.023984583759234412,0.14152518830010724,0.023984583759234412,0.8249579668393652
439,2016-09-29,0.8249579668393652,0.24989015063298836,0.24959132575692158,0.24989015063298836,1.0941349918181105
440,2016-09-30,1.0941349918181105,0.5397922791154853,0.8149726782058447,0.5397922791154853,-0.6960448672878594
441,2016-10-03,-0.6960448672878594,-0.16112817074799363,0.09674391229795061,-0.16112817074799363,-0.019204666269981203
442,2016-10-04,-0.019204666269981203,-0.208045568870916,0.026361463271438273,-0.208045568870916,-0.8176428156812787
443,2016-10-05,-0.8176428156812787,-0.16126008114334592,-0.7145457234909415,-0.16126008114334592,-0.07638669034960952
444,2016-10-06,-0.07638669034960952,-0.6460068440137702,0.5928486698404197,-0.6460068440137702,-1.0223864222439796
445,2016-10-07,-1.0223864222439796,-0.4126580258862479,-0.7873659171073792,-0.4126580258862479,0.6005791769788731
446,2016-10-10,0.6005791769788731,0.0292869934790534,0.27821375607953447,0.0292869934790534,-0.9888603698700953
447,2016-10-11,-0.9888603698700953,-0.7033339758300688,-1.2814851890361536,-0.7033339758300688,0.04006297703041224
448,2016-10-12,0.04006297703041224,0.06106641520185587,0.4007921760693928,0.06106641520185587,-0.018578674906318073
449,2016-10-13,-0.018578674906318073,-0.7766106705681968,-0.5250121027526746,-0.7766106705681968,0.6993217787152006
450,2016-10-14,0.6993217787152006,0.27008746011458945,0.9104085877068011,0.27008746011458945,-0.19261970163930212
451,2016-10-17,-0.19261970163930212,-0.3514657416810672,-0.3329309637236723,-0.3514657416810672,-0.3677435638155452
452,2016-10-18,-0.3677435638155452,0.4855698711546744,0.17404221324828278,0.4855698711546744,1.6494829218030045
453,2016-10-19,1.6494829218030045,-0.20445344331005433,0.10048154633431003,-0.20445344331005433,-7.04296859482184
454,2016-10-20,-7.04296859482184,0.6318166196752018,0.6286903493153589,0.6318166196752018,0.04662653843130816
455,2016-10-21,0.04662653843130816,-0.23269534950070328,-1.6292028510145957,-0.23269534950070328,0.2996659941200179
456,2016-10-24,0.2996659941200179,1.7166112785715317,1.7161910530739064,1.7166112785715317,-0.3970474832127746
457,2016-10-25,-0.3970474832127746,0.5314385847190074,1.5972540884269881,0.5314385847190074,-0.527088959960359
458,2016-10-26,-0.527088959960359,0.04106934496180234,-0.7330334239109689,0.04106934496180234,-0.0594554064411723
459,2016-10-27,-0.0594554064411723,-0.9500889753468362,-0.6505165113861565,-0.9500889753468362,-0.4881453401974615
460,2016-10-28,-0.4881453401974615,-0.18824529000454102,0.2620306608882949,-0.18824529000454102,-0.2319925710358236
461,2016-10-31,-0.2319925710358236,0.2188985386562563,0.057551297676319495,0.2188985386562563,-0.31925046898915543
462,2016-11-01,-0.31925046898915543,-1.3255926249942407,-0.5182337329710728,-1.3255926249942407,-0.29876509689118697
463,2016-11-02,-0.29876509689118697,-0.2887397370373068,-1.2007911345072375,-0.2887397370373068,-0.47501417164591014
464,2016-11-03,-0.47501417164591014,-0.5888560940198847,-0.25990595357500307,-0.5888560940198847,-0.27972853265269243
465,2016-11-04,-0.27972853265269243,-0.3506703413231757,-0.5561931772846433,-0.3506703413231757,0.5968776504405967
466,2016-11-07,0.5968776504405967,2.0147319761646467,1.39385103194473,2.0147319761646467,-0.497262992494622
467,2016-11-08,-0.497262992494622,-0.18204836093851315,0.09573989197837014,-0.18204836093851315,0.5298767084728616
468,2016-11-09,0.5298767084728616,-0.8012764934085874,-0.2524514185735508,-0.8012764934085874,-0.3214418608476967
469,2016-11-10,-0.3214418608476967,-1.3938343209817554,-2.3928230065666125,-1.3938343209817554,1.0016302525649972
470,2016-11-11,1.0016302525649972,10.326962687315534,1.4151073925848823,10.326962687315534,-1.670509950743127
471,2016-11-14,-1.670509950743127,-2.1414981899170464,0.31686799899493645,-2.1414981899170464,1.2712689449377923
472,2016-11-15,1.2712689449377923,1.0824908190048,0.5919237601395364,1.0824908190048,-0.38455422540097395
473,2016-11-16,-0.38455422540097395,2.330825076789198,2.280474803142487,2.330825076789198,1.1234287599982495
474,2016-11-17,1.1234287599982495,0.21058910754920887,2.337081925349989,0.21058910754920887,-0.4228498972479389
475,2016-11-18,-0.4228498972479389,0.29805932502473836,0.6637601971547135,0.29805932502473836,0.6230213355786495
476,2016-11-21,0.6230213355786495,-0.28352715463439787,0.5894837125643488,-0.28352715463439787,0.08903695432413633
477,2016-11-22,0.08903695432413633,0.16733742708464705,-0.7321392216356353,0.16733742708464705,-0.37773784622279455
478,2016-11-23,-0.37773784622279455,0.016408158182753037,0.2620306608882949,0.016408158182753037,0.06823519698570236
479,2016-11-25,0.06823519698570236,-0.039305624229385376,-0.12634002746715062,-0.039305624229385376,-0.8509208834035267
480,2016-11-28,-0.8509208834035267,-0.14146787325446206,0.1221481786147219,-0.14146787325446206,-0.16743111069390026
481,2016-11-29,-0.16743111069390026,-0.4878324362302475,0.23004054088949796,-0.4878324362302475,-1.5673550565649053
482,2016-11-30,-1.5673550565649053,-0.5736798257469485,-0.09786216785893251,-0.5736798257469485,-0.9742403580965472
483,2016-12-01,-0.9742403580965472,-2.151453674516431,-1.5036276720138841,-2.151453674516431,2.232780688443773
484,2016-12-02,2.232780688443773,0.24822643537467556,0.3584345408804274,0.24822643537467556,-0.1898094618014058
485,2016-12-05,-0.1898094618014058,1.403408178666547,0.3798841141767901,1.403408178666547,-0.34264353171001755
486,2016-12-06,-0.34264353171001755,0.5325973474368114,2.0204509766903924,0.5325973474368114,1.4697256987039324
487,2016-12-07,1.4697256987039324,0.5937995831574965,0.23760716896521633,0.5937995831574965,1.0376408681227662
488,2016-12-08,1.0376408681227662,-0.7956154310248769,1.8611302430025267,-0.7956154310248769,1.1013086232904588
489,2016-12-09,1.1013086232904588,-0.837723523414455,-0.04341655438661992,-0.837723523414455,0.45255652696413196
490,2016-12-12,0.45255652696413196,-1.1047959901094053,0.742201857250289,-1.1047959901094053,-0.8374260908734633
491,2016-12-13,-0.8374260908734633,0.5799039491631053,-0.3638342742337821,0.5799039491631053,-0.03810456169652699
492,2016-12-14,-0.03810456169652699,2.13437033419152,-0.020388830104495177,2.13437033419152,-0.22404819692038036
493,2016-12-15,-0.22404819692038036,0.8073406594630429,0.6598224444464087,0.8073406594630429,-0.2869048690696532
494,2016-12-16,-0.2869048690696532,0.5636204274382193,-0.4947814724537538,0.5636204274382193,-0.5178111244680694
495,2016-12-19,-0.5178111244680694,0.36344037794807976,0.6083572049660033,0.36344037794807976,-0.2898748758751998
496,2016-12-20,-0.2898748758751998,1.250966450228903,1.1677276704701898,1.250966450228903,0.17177936735316715
497,2016-12-21,0.17177936735316715,0.13033377439044258,-0.12795183013953831,0.13033377439044258,0.3378875993303712
498,2016-12-22,0.3378875993303712,0.36125413255263367,0.23025390594697265,0.36125413255263367,0.48032344967273394
499,2016-12-23,0.48032344967273394,0.8658268730061464,-0.08531946976441233,0.8658268730061464,0.8841940949396089
500,2016-12-27,0.8841940949396089,2.539962594986417,0.9629464377082055,2.539962594986417,-0.5077749041704172
501,2016-12-28,-0.5077749041704172,-2.9741597247208382,-1.1127698112084923,-2.9741597247208382,-0.09963112706815316
502,2016-12-29,-0.09963112706815316,0.6710313720422847,0.04053420662305945,0.6710313720422847,-0.6360535253743603
503,2016-12-30,-0.6360535253743603,-1.8422170678472989,-0.5729345584508192,-1.8422170678472989,0.27190396272376754
504,2017-01-03,0.27190396272376754,-1.9353027839067325,0.1485428123459711,-1.9353027839067325,-0.20324910602168644
505,2017-01-04,-0.20324910602168644,0.8033948261940581,-0.04341655438661992,0.8033948261940581,0.47650698725779744
506,2017-01-05,0.47650698725779744,-1.149923458070013,-0.45045911149074386,-1.149923458070013,2.057640125093669
507,2017-01-06,2.057640125093669,0.41157447989917306,0.12880213511789806,0.41157447989917306,-0.6353529594399329
508,2017-01-09,-0.6353529594399329,1.4713629131947388,0.31854233365713625,1.4713629131947388,-1.0465911773464953
509,2017-01-10,-1.0465911773464953,-0.4237061988240392,-0.14931612666002805,-0.4237061988240392,0.2864134652193219
510,2017-01-11,0.2864134652193219,-0.6159794996155273,-0.5582641110145803,-0.6159794996155273,-0.15959829272684045
511,2017-01-12,-0.15959829272684045,-0.78061258394606,-1.016625373850443,-0.78061258394606,-0.15983668492287856
512,2017-01-13,-0.15983668492287856,-0.12406828779038881,-0.4530693830062116,-0.12406828779038881,-0.03810456169652699
513,2017-01-17,-0.03810456169652699,-1.028689211514733,-1.853556019117155,-1.028689211514733,0.16464801304547821
514,2017-01-18,0.16464801304547821,0.6020155599568793,0.10449903050641378,0.6020155599568793,0.6262901008471226
515,2017-01-19,0.6262901008471226,0.7303752048372407,-0.31528714777711686,0.7303752048372407,-0.19851223490956466
516,2017-01-20,-0.19851223490956466,-0.5605449960329549,-0.09317627146227736,-0.5605449960329549,-0.7854778000440658
517,2017-01-23,-0.7854778000440658,0.2934843587161544,0.3518350356237598,0.2934843587161544,-0.6097836055405332
518,2017-01-24,-0.6097836055405332,0.7244282227717476,1.2217195425071332,0.7244282227717476,0.4522305948357334
519,2017-01-25,0.4522305948357334,0.05106981365148,-0.2536579840472436,0.05106981365148,2.960378969039549
520,2017-01-26,2.960378969039549,0.5649419030554224,0.35219015277782956,0.5649419030554224,1.4364386864514527
521,2017-01-27,1.4364386864514527,0.6466796055928672,0.3003749375473975,0.6466796055928672,-0.6848497046368692
522,2017-01-30,-0.6848497046368692,-0.7521691119033203,-0.18034962459762927,-0.7521691119033203,-0.6917176355210711
523,2017-01-31,-0.6917176355210711,-0.42712131230503914,-0.5990038049397396,-0.42712131230503914,0.634631623700659
524,2017-02-01,0.634631623700659,1.5922620223637396,3.622721796715826,1.5922620223637396,-0.44086472026086093
525,2017-02-02,-0.44086472026086093,0.3827052348959452,0.39556017880637817,0.3827052348959452,0.15401590032975715
526,2017-02-03,0.15401590032975715,-0.4722628450023713,-0.1226425086320117,-0.4722628450023713,-0.11488191292140272
527,2017-02-06,-0.11488191292140272,0.8927289822357488,2.5685306230023417,0.8927289822357488,0.7253735666007716
528,2017-02-07,0.7253735666007716,0.4963315156301556,-0.6568317407595875,0.4963315156301556,1.498009685468844
529,2017-02-08,1.498009685468844,-0.29537888937458506,0.4449677312229896,-0.29537888937458506,-0.2790927075548931
530,2017-02-09,-0.2790927075548931,-0.8802821277066479,-0.2954264279153506,-0.8802821277066479,0.9019418657231147
531,2017-02-10,0.9019418657231147,-1.0813537452641653,0.24438217372027607,-1.0813537452641653,0.25387488406121056
532,2017-02-13,0.25387488406121056,-2.011028390506475,-0.20488342263216058,-2.011028390506475,-0.33008400745426447
533,2017-02-14,-0.33008400745426447,0.02733280089588458,-0.4609990834366822,0.02733280089588458,0.6530917108112204
534,2017-02-15,0.6530917108112204,-0.03928620048084797,0.02972426427106566,-0.03928620048084797,-0.8941503405845196
535,2017-02-16,-0.8941503405845196,-0.768359997258089,-0.6535211279758065,-0.768359997258089,0.3640782358273611
536,2017-02-17,0.3640782358273611,-0.12766330165040132,0.25430651228973605,-0.12766330165040132,0.2527532352447906
537,2017-02-21,0.2527532352447906,1.2888188407422234,1.5145063471779925,1.2888188407422234,-0.2197258253227855
538,2017-02-22,-0.2197258253227855,-0.23212224782739074,0.43744536557303565,-0.23212224782739074,-0.4395806444738346
539,2017-02-23,-0.4395806444738346,-4.017012528442746,0.02450721979172767,-4.017012528442746,0.7983755345239066
540,2017-02-24,0.7983755345239066,0.26450685284033815,-0.38495148743551205,0.26450685284033815,0.357959558775077
541,2017-02-27,0.357959558775077,1.027569173194103,1.7462985022715973,1.027569173194103,-0.7238262797213689
542,2017-02-28,-0.7238262797213689,-1.2600660708225866,-1.2553486240388059,-1.2600660708225866,0.6296710861550382
543,2017-03-01,0.6296710861550382,0.39345210078297166,0.7820447565646106,0.39345210078297166,-0.687740111867375
544,2017-03-02,-0.687740111867375,-1.624668660370138,-1.8279821325787595,-1.624668660370138,-0.34727442597711994
545,2017-03-03,-0.34727442597711994,-0.35143242323346574,-1.6129176502143683,-0.35143242323346574,-0.2207053202653348
546,2017-03-06,-0.2207053202653348,-0.4306038615445109,-0.0247876824060712,-0.4306038615445109,-0.3497621782702914
547,2017-03-07,-0.3497621782702914,0.3161371458992735,-0.024801962876591196,0.3161371458992735,-0.3144190628124888
548,2017-03-08,-0.3144190628124888,-0.19326586774147392,0.2708675955528732,-0.19326586774147392,-0.2971209688504894
549,2017-03-09,-0.2971209688504894,-0.12832176995639344,0.15779745402561515,-0.12832176995639344,-0.13087350487286425
550,2017-03-10,-0.13087350487286425,0.11482451410482368,0.9908062309848623,0.11482451410482368,-0.6351737700422609
551,2017-03-13,-0.6351737700422609,0.9678593002369988,0.5940525733327622,0.9678593002369988,0.05557035200774491
552,2017-03-14,0.05557035200774491,-0.14772823895267226,-0.3514469017777594,-0.14772823895267226,0.018028252597319272
553,2017-03-15,0.018028252597319272,0.18163001947751736,-0.2509625480721059,0.18163001947751736,0.35342163622554756
554,2017-03-16,0.35342163622554756,0.3688417681717788,-0.6234877157283966,0.3688417681717788,1.0670140384195212
555,2017-03-17,1.0670140384195212,0.7422823645389397,-0.32973065618727854,0.7422823645389397,0.16236350015216494
556,2017-03-20,0.16236350015216494,1.1360016639578367,1.5417490259049829,1.1360016639578367,-1.176651468278613
557,2017-03-21,-1.176651468278613,-1.4368450044062584,-1.0417134362491547,-1.4368450044062584,0.5888656318052505
558,2017-03-22,0.5888656318052505,0.6883191511638395,0.44364600401223303,0.6883191511638395,-0.05645210996164569
559,2017-03-23,-0.05645210996164569,-0.4850026480484036,-0.5832485651402483,-0.4850026480484036,-0.2587214581871762
560,2017-03-24,-0.2587214581871762,0.021655851989675245,-0.20241646835716282,0.021655851989675245,0.017121121696565954
561,2017-03-27,0.017121121696565954,0.16940450285037856,-0.04341655438661992,0.16940450285037856,0.14563419966614796
562,2017-03-28,0.14563419966614796,-0.3279013321375122,-0.06114764932245926,-0.3279013321375122,0.18166766184308947
563,2017-03-29,0.18166766184308947,-0.2505636839678659,-0.007967302199364814,-0.2505636839678659,0.053231865995473276
564,2017-03-30,0.053231865995473276,0.6410695173701729,0.5514351918707245,0.6410695173701729,-0.27586853104685527
565,2017-03-31,-0.27586853104685527,-0.29261304478192396,0.8057165855275844,-0.29261304478192396,0.3090811339470568
566,2017-04-03,0.3090811339470568,-0.322908052102097,0.10632328353772424,-0.322908052102097,0.6504522222963456
567,2017-04-04,0.6504522222963456,-3.031715185450537,-0.8529159614450352,-3.031715185450537,-0.635615010133963
568,2017-04-05,-0.635615010133963,-0.4193338275504024,-0.02627378386475194,-0.4193338275504024,0.5954348087266034
569,2017-04-06,0.5954348087266034,0.17099521067409776,-1.6368787918357683,0.17099521067409776,-0.48996722078942967
570,2017-04-07,-0.48996722078942967,-0.29146228263511564,0.4098017797974886,-0.29146228263511564,0.23341293817599382
571,2017-04-10,0.23341293817599382,-1.1552762988450866,-0.8097271808134653,-1.1552762988450866,-0.16466095316565102
572,2017-04-11,-0.16466095316565102,0.022909946751259857,-0.04341655438661992,0.022909946751259857,0.46656988007092426
573,2017-04-12,0.46656988007092426,-0.4521610451503856,-0.6819784370272348,-0.4521610451503856,0.06950774778563838
574,2017-04-13,0.06950774778563838,-0.8762812607957284,-0.9152477337001452,-0.8762812607957284,0.15868516530528015
575,2017-04-17,0.15868516530528015,1.4183435136161877,0.8854386826842666,1.4183435136161877,-0.7929135437775405
576,2017-04-18,-0.7929135437775405,-0.09598969286301093,0.25847057778810434,-0.09598969286301093,-0.34627951973194626
577,2017-04-19,-0.34627951973194626,0.03679342791719932,-0.25056016630920463,0.03679342791719932,-2.484991323168523
578,2017-04-20,-2.484991323168523,0.5095912460714516,0.46190711660387695,0.5095912460714516,-0.7035613940532455
579,2017-04-21,-0.7035613940532455,0.04556185628620346,-0.2480214169783473,0.04556185628620346,-0.287121915493487
580,2017-04-24,-0.287121915493487,0.3768913081937283,0.19820467731789063,0.3768913081937283,1.4036054401755993
581,2017-04-25,1.4036054401755993,0.5701107488287437,0.6134066629185874,0.5701107488287437,0.33573666179695527
582,2017-04-26,0.33573666179695527,-0.3964324040094826,-0.1878495954333198,-0.3964324040094826,0.05500881725183205
583,2017-04-27,0.05500881725183205,0.4986780870128457,0.33390321061319944,0.4986780870128457,0.6097318812892475
584,2017-04-28,0.6097318812892475,-0.6314158036532952,-0.6207449887321161,-0.6314158036532952,-0.22250424932580218
585,2017-05-01,-0.22250424932580218,0.768324870972288,0.5339118799588762,0.768324870972288,0.3301418776191006
586,2017-05-02,0.3301418776191006,-1.3248030890924052,-6.780795488684533,-1.3248030890924052,-0.49876501526545397
587,2017-05-03,-0.49876501526545397,0.17668716853825153,0.12073581776329884,0.17668716853825153,0.4225558918724
588,2017-05-04,0.4225558918724,-0.2741474626493701,-0.7308214306146154,-0.2741474626493701,-0.0564612263277397
589,2017-05-05,-0.0564612263277397,-0.11633871440745136,0.1720058549253231,-0.11633871440745136,-0.5174032405039991
590,2017-05-08,-0.5174032405039991,-0.5427013287835802,-0.4035230070452495,-0.5427013287835802,0.8438628739368454
591,2017-05-09,0.8438628739368454,-0.054004706516910514,0.29284823368053686,-0.054004706516910514,0.25309742111407973
592,2017-05-10,0.25309742111407973,6.448939777109327,1.3697114878955514,6.448939777109327,0.3961263696447295
593,2017-05-11,0.3961263696447295,1.5640731379490704,0.5786820031118148,1.5640731379490704,-0.1283158645504243
594,2017-05-12,-0.1283158645504243,0.3174394497458816,0.3698239919445997,0.3174394497458816,0.1601899291171233
595,2017-05-15,0.1601899291171233,1.841278663216591,0.2992026524634604,1.841278663216591,1.085432499680716
596,2017-05-16,1.085432499680716,0.6183617012121143,2.631692410644612,0.6183617012121143,-2.2510933369742974
597,2017-05-17,-2.2510933369742974,-2.8734951247608262,-3.190883592876415,-2.8734951247608262,0.23606979100386855
598,2017-05-18,0.23606979100386855,1.523107858580345,0.12941501818189616,1.523107858580345,0.14400786947258878
599,2017-05-19,0.14400786947258878,0.7519960216185331,0.23483729211125084,0.7519960216185331,0.016421297284306968
600,2017-05-22,0.016421297284306968,0.7247561834466388,-0.8438998494786206,0.7247561834466388,1.3096119092810061
601,2017-05-23,1.3096119092810061,-0.6629982729596406,-0.37560687086207545,-0.6629982729596406,0.3340228158886232
602,2017-05-24,0.3340228158886232,0.32735444052759516,-0.04341655438661992,0.32735444052759516,0.664546809488114
603,2017-05-25,0.664546809488114,-0.2098889798780421,0.15644246218814523,-0.2098889798780421,-0.5995789530552491
604,2017-05-26,-0.5995789530552491,0.9035385094581082,0.0007740555084548547,0.9035385094581082,-0.5336408986013399
605,2017-05-30,-0.5336408986013399,0.7262699235982446,0.2200514924988431,0.7262699235982446,-0.6093570252048985
606,2017-05-31,-0.6093570252048985,-0.26419499874708074,0.10896326797458832,-0.26419499874708074,0.8344853440534846
607,2017-06-01,0.8344853440534846,-0.11742308924075907,-0.6142846802154103,-0.11742308924075907,0.8919824781934244
608,2017-06-02,0.8919824781934244,-0.32042888575529005,-0.11015796177736552,-0.32042888575529005,0.3611825469394432
609,2017-06-05,0.3611825469394432,1.0799807345561105,0.7024532269705684,1.0799807345561105,-0.17669041114793946
610,2017-06-06,-0.17669041114793946,-0.30188607072023077,1.6059804778246307,-0.30188607072023077,0.48000153205723334
611,2017-06-07,0.48000153205723334,0.36070157987170587,0.652981578009939,0.36070157987170587,0.594941546346639
612,2017-06-08,0.594941546346639,2.684952619954826,0.9556975839652029,2.684952619954826,-2.1153860328106386
613,2017-06-09,-2.1153860328106386,-2.796643666651868,-1.2394720272131254,-2.796643666651868,-1.4449598071632224
614,2017-06-12,-1.4449598071632224,-0.021274218931903392,-0.4220634840358972,-0.021274218931903392,0.5177910729161733
615,2017-06-13,0.5177910729161733,0.2598453901796253,-0.305935148341001,0.2598453901796253,0.03326185537470699
616,2017-06-14,0.03326185537470699,-0.03564099159758872,-0.43227605279101583,-0.03564099159758872,-0.7735466316872661
617,2017-06-15,-0.7735466316872661,0.05100322893989406,-0.6069431786414246,0.05100322893989406,-0.2731432426247805
618,2017-06-16,-0.2731432426247805,-0.31780018774976815,-0.17044073298202206,-0.31780018774976815,1.6415092479110764
619,2017-06-19,1.6415092479110764,1.3577022471766966,0.9750073604308748,1.3577022471766966,0.014748544490865535
620,2017-06-20,0.014748544490865535,-0.17878888749114819,1.3603719712921312,-0.17878888749114819,0.014704933164345485
621,2017-06-21,0.014704933164345485,0.4819803569677669,2.4033444018306667,0.4819803569677669,0.2427923079744321
622,2017-06-22,0.2427923079744321,-0.3973885859890761,0.6416143015469787,-0.3973885859890761,0.7451115499724165
623,2017-06-23,0.7451115499724165,-1.284982788540448,-0.40064709654814223,-1.284982788540448,-0.8738894754381573
624,2017-06-26,-0.8738894754381573,-0.5599564081518871,-0.19813891920398488,-0.5599564081518871,-0.354474831771692
625,2017-06-27,-0.354474831771692,-1.61374548740728,-1.245427492022678,-1.61374548740728,0.6627456134664645
626,2017-06-28,0.6627456134664645,1.267935311952828,-0.3534519101448503,1.267935311952828,-1.4478835296454953
627,2017-06-29,-1.4478835296454953,-1.4810182977416306,-1.2281751051969965,-1.4810182977416306,0.6884395840141597
628,2017-06-30,0.6884395840141597,-0.703218048734553,-0.2757889825377959,-0.703218048734553,-0.6044267142462998
629,2017-07-03,-0.6044267142462998,-1.5958819534926252,-0.6941499353211932,-1.5958819534926252,0.17488299536552812
630,2017-07-05,0.17488299536552812,0.9349872263868313,1.950919411900325,0.9349872263868313,-1.2729496330546288
631,2017-07-06,-1.2729496330546288,-1.1975074670478375e-06,-0.3584201845732775,-1.1975074670478375e-06,0.32238058530754643
632,2017-07-07,0.32238058530754643,0.7849707582342145,0.5825566502169107,0.7849707582342145,1.4006290831449524
633,2017-07-10,1.4006290831449524,1.730111079385931,0.7610169656350693,1.730111079385931,0.2246702317122937
634,2017-07-11,0.2246702317122937,0.44381302643060183,0.09684511175340131,0.44381302643060183,1.4130634985555381
635,2017-07-12,1.4130634985555381,1.5478570420140196,0.6459905281975269,1.5478570420140196,0.7591691279677146
636,2017-07-13,0.7591691279677146,-0.5861715974130947,-1.3704812863008158,-0.5861715974130947,0.9317328520692386
637,2017-07-14,0.9317328520692386,0.9425863851340157,0.6466310471655828,0.9425863851340157,-0.08790015860140858
638,2017-07-17,-0.08790015860140858,-0.2905021163283367,-0.25365798404723283,-0.2905021163283367,-0.4546011254939632
639,2017-07-18,-0.4546011254939632,0.2945720215216321,-0.6131255814179656,0.2945720215216321,0.4281875990057909
640,2017-07-19,0.4281875990057909,-0.32825499823393,0.08235445119743119,-0.32825499823393,0.12757039390596484
641,2017-07-20,0.12757039390596484,0.45775247992728724,0.40052146706067465,0.45775247992728724,-0.9885024413970402
642,2017-07-21,-0.9885024413970402,0.022999078474495192,0.09694645745205217,0.022999078474495192,-0.42579593806155014
643,2017-07-24,-0.42579593806155014,-0.5874620747652705,0.4415614319335494,-0.5874620747652705,-0.13964625777785902
644,2017-07-25,-0.13964625777785902,-0.313479178487245,-0.1293124113226168,-0.313479178487245,1.1694533266922724
645,2017-07-26,1.1694533266922724,0.3397364451862286,1.050206205811349,0.3397364451862286,-1.5002515611403164
646,2017-07-27,-1.5002515611403164,-1.4641261221730675,-1.1198358186927195,-1.4641261221730675,-0.430525512738487
647,2017-07-28,-0.430525512738487,0.5306187189105591,-0.3375465975469528,0.5306187189105591,-0.39860127873826684
648,2017-07-31,-0.39860127873826684,-0.5808152697416344,-0.6425855132146623,-0.5808152697416344,0.27102325371420044
649,2017-08-01,0.27102325371420044,0.3647782086648177,0.1343494916084049,0.3647782086648177,-0.05523420972307275
650,2017-08-02,-0.05523420972307275,-0.1445505299974204,-0.6532070444418209,-0.1445505299974204,-0.36454807292159563
651,2017-08-03,-0.36454807292159563,0.3857308790792279,-0.2806792722402899,0.3857308790792279,-0.1933399638185115
652,2017-08-04,-0.1933399638185115,0.05502284827314808,-0.2645051842698388,0.05502284827314808,0.8023689298606979
653,2017-08-07,0.8023689298606979,1.0922804112820124,0.5236636321840843,1.0922804112820124,0.3863231197164532
654,2017-08-08,0.3863231197164532,-0.5993800894273115,-0.6290119789383906,-0.5993800894273115,-0.5136592049521851
655,2017-08-09,-0.5136592049521851,0.3031831020428418,-0.5676593797706186,0.3031831020428418,-1.9252025711328253
656,2017-08-10,-1.9252025711328253,-1.8728393695156487,-1.4258130937980147,-1.8728393695156487,0.06728649056197852
657,2017-08-11,0.06728649056197852,-2.313493468606625,0.1759771908464765,-2.313493468606625,0.22460242560337348
658,2017-08-14,0.22460242560337348,2.953064021168005,0.9867378161756792,2.953064021168005,0.04921280515206284
659,2017-08-15,0.04921280515206284,-0.45931067820508303,0.4463991759383884,-0.45931067820508303,0.15356405562436268
660,2017-08-16,0.15356405562436268,-0.5615035068383399,-0.7818957689638608,-0.5615035068383399,-0.9318249089123611
661,2017-08-17,-0.9318249089123611,-1.0226313920491232,-0.6074781753916856,-1.0226313920491232,-0.1617892242545218
662,2017-08-18,-0.1617892242545218,-0.11275645913015574,0.01554600012560052,-0.11275645913015574,-1.000703748081024
663,2017-08-21,-1.000703748081024,-0.7071972043173129,-0.6798554990785036,-0.7071972043173129,0.9775370825537181
664,2017-08-22,0.9775370825537181,0.7263271380344174,0.19720705058716773,0.7263271380344174,0.103105871405397
665,2017-08-23,0.103105871405397,0.6725867147771584,0.5673781112358481,0.6725867147771584,-0.05573506276455221
666,2017-08-24,-0.05573506276455221,-0.2678038112235763,-0.004533065796833409,-0.2678038112235763,-0.39185258948385226
667,2017-08-25,-0.39185258948385226,-0.4561504517886346,-0.17978204236274037,-0.4561504517886346,0.19206353405689955
668,2017-08-28,0.19206353405689955,0.16238913745703404,-0.4373057007218795,0.16238913745703404,0.6472720060420746
669,2017-08-29,0.6472720060420746,-0.185792935303356,-0.2027787895995997,-0.185792935303356,0.8123213622985801
670,2017-08-30,0.8123213622985801,0.11738169943612939,0.9742199779459021,0.11738169943612939,0.7156586307933928
671,2017-08-31,0.7156586307933928,0.7784743570520353,0.5809499054644075,0.7784743570520353,0.3353348554739882
672,2017-09-01,0.3353348554739882,0.12015517898944421,0.3089164197167756,0.12015517898944421,-0.47968892393783313
673,2017-09-05,-0.47968892393783313,-1.2036598647628487,-0.5456434207233952,-1.2036598647628487,1.0934524765918991
674,2017-09-06,1.0934524765918991,-0.144342019182879,-0.15644732527938568,-0.144342019182879,2.0189384074064765
675,2017-09-07,2.0189384074064765,0.06534492181405809,-0.4816417619209773,0.06534492181405809,-0.39518743528752803
676,2017-09-08,-0.39518743528752803,-0.8210592590942685,-0.7852297628561044,-0.8210592590942685,0.44831942727564533
677,2017-09-11,0.44831942727564533,1.1582580371201274,0.5440975904420017,1.1582580371201274,0.10707624578169835
678,2017-09-12,0.10707624578169835,0.024090343703201067,-0.5320192246304074,0.024090343703201067,0.10673442015032707
679,2017-09-13,0.10673442015032707,0.058844563266610604,-0.20186888455412466,0.058844563266610604,0.02616062348519105
680,2017-09-14,0.02616062348519105,-0.34885150890513933,0.03593885426261236,-0.34885150890513933,0.10624510232781224
681,2017-09-15,0.10624510232781224,2.334850651199283,0.4661671737302238,2.334850651199283,-0.054131325664368554
682,2017-09-18,-0.054131325664368554,1.500791161350378,1.0191225355760147,1.500791161350378,0.28154601045791067
683,2017-09-19,0.28154601045791067,-0.16292279021374506,0.030729254170121213,-0.16292279021374506,-0.11785962886746408
684,2017-09-20,-0.11785962886746408,-0.4442710471595363,1.0778023175118003,-0.4442710471595363,-0.5027451342584592
685,2017-09-21,-0.5027451342584592,-1.2301185541653588,-0.6337441188948162,-1.2301185541653588,0.026194208641233774
686,2017-09-22,0.026194208641233774,-0.5120239945495945,-0.24342522373229677,-0.5120239945495945,-0.8629739997490166
687,2017-09-25,-0.8629739997490166,-1.9512077949977005,-1.3370521090178256,-1.9512077949977005,0.07576774535630117
688,2017-09-26,0.07576774535630117,0.10399898878743634,-0.3534955762329697,0.10399898878743634,0.2860944275556725
689,2017-09-27,0.2860944275556725,0.7482814581281115,0.5157183270027967,0.7482814581281115,-0.5576420019491669
690,2017-09-28,-0.5576420019491669,-0.1315924699491083,-0.04341655438661992,-0.1315924699491083,1.1407434908711747
691,2017-09-29,1.1407434908711747,0.5780520280937376,-0.024363800615367307,0.5780520280937376,0.3922499412693294
692,2017-10-02,0.3922499412693294,-0.06870739221095103,-0.11971742921770083,-0.06870739221095103,-0.06988110291224554
693,2017-10-03,-0.06988110291224554,-0.037504919450916524,1.2765211122923683,-0.037504919450916524,-0.11761223243220845
694,2017-10-04,-0.11761223243220845,0.21330382232764153,-0.24327557096138508,0.21330382232764153,0.484770535496284
695,2017-10-05,0.484770535496284,-0.1423409840851407,0.011253787886114879,-0.1423409840851407,-0.32275792657791874
696,2017-10-06,-0.32275792657791874,-0.002955706452251511,-0.24447910152037589,-0.002955706452251511,0.2465488031848648
697,2017-10-09,0.2465488031848648,0.7731824531912337,0.3931387258865274,0.7731824531912337,-0.2752259825670464
698,2017-10-10,-0.2752259825670464,0.6372751760520606,0.3677105787411244,0.6372751760520606,-0.8833176024167013
699,2017-10-11,-0.8833176024167013,0.3036038377290375,0.27354893358210436,0.3036038377290375,-0.3923895362033244
700,2017-10-12,-0.3923895362033244,-0.10132497438185636,0.5100600201926985,-0.10132497438185636,0.38037211484733857
701,2017-10-13,0.38037211484733857,0.6192323337910263,-0.009239584021724468,0.6192323337910263,-0.975572396219425
702,2017-10-16,-0.975572396219425,0.5613394489618001,0.02479341584502149,0.5613394489618001,-0.49583832755313506
703,2017-10-17,-0.49583832755313506,-0.15662971960195862,-0.21430208324230585,-0.15662971960195862,0.7445130466163182
704,2017-10-18,0.7445130466163182,-0.15463701386192252,-0.19824853550779836,-0.15463701386192252,-1.1497767707481286
705,2017-10-19,-1.1497767707481286,-0.07562987154495282,-0.2514069774699018,-0.07562987154495282,0.48753861877831606
706,2017-10-20,0.48753861877831606,-0.30282668165993715,-0.2883453370425632,-0.30282668165993715,-1.3273149662660297
707,2017-10-23,-1.3273149662660297,-0.17718385356207583,0.46122308290906133,-0.17718385356207583,-0.18861346435367657
708,2017-10-24,-0.18861346435367657,0.29718978399637397,0.21354598567424535,0.29718978399637397,-0.13865215370879436
709,2017-10-25,-0.13865215370879436,-1.1450391602382664,-3.5576523355385796,-1.1450391602382664,0.3297603547096775
710,2017-10-26,0.3297603547096775,0.2973968784227093,-0.6819475686683357,0.2973968784227093,-0.20504672784412853
711,2017-10-27,-0.20504672784412853,1.122949138462511,-0.38959136338697536,1.122949138462511,0.2953196379294938
712,2017-10-30,0.2953196379294938,0.27069553977781835,-2.0743926295415025,0.27069553977781835,1.0168616664517065
713,2017-10-31,1.0168616664517065,0.45908085681708327,0.17854781959609392,0.45908085681708327,-0.20175210563775114
714,2017-11-01,-0.20175210563775114,-0.04474809884924771,-0.46689854495401373,-0.04474809884924771,-0.26794792897720954
715,2017-11-02,-0.26794792897720954,-0.3644638242271605,0.06874407659570964,-0.3644638242271605,0.12615474510362387
716,2017-11-03,0.12615474510362387,0.4110210794662697,0.5534581045710334,0.4110210794662697,-0.2517332358305199
717,2017-11-06,-0.2517332358305199,0.05978026953850626,1.6639254362046014,0.05978026953850626,0.027707527539930065
718,2017-11-07,0.027707527539930065,0.33567939169013555,0.19961533351203306,0.33567939169013555,-0.6994021425897698
719,2017-11-08,-0.6994021425897698,-0.6659579841972203,-0.7384243802686927,-0.6659579841972203,-2.2722280963701054
720,2017-11-09,-2.2722280963701054,-0.8622460912648654,-1.2987826069944215,-0.8622460912648654,0.44263159016939896
721,2017-11-10,0.44263159016939896,1.9364503599594014,0.26039283136762953,1.9364503599594014,-0.2436781684802016
722,2017-11-13,-0.2436781684802016,-0.7758657874597819,-0.41282544001583976,-0.7758657874597819,-1.1287505111925877
723,2017-11-14,-1.1287505111925877,0.1706676479754372,0.022182945488350456,0.1706676479754372,0.10146388820816382
724,2017-11-15,0.10146388820816382,-0.9132942346542662,-0.15284771496359006,-0.9132942346542662,0.5170379089808301
725,2017-11-16,0.5170379089808301,0.18947075001803707,0.34824892749934355,0.18947075001803707,-0.10721882877466156
726,2017-11-17,-0.10721882877466156,-0.16753540812218107,0.2355750560358082,-0.16753540812218107,-0.12461842201003832
727,2017-11-20,-0.12461842201003832,0.39187520600283016,-0.12891922524764782,0.39187520600283016,0.7019242882901342
728,2017-11-21,0.7019242882901342,0.2466328529767808,0.08472481651813422,0.2466328529767808,-0.07232782128693092
729,2017-11-22,-0.07232782128693092,-0.32833768355242554,-0.10740271377067334,-0.32833768355242554,-0.2095053176365868
730,2017-11-24,-0.2095053176365868,0.25626745387155575,-0.02206909504629275,0.25626745387155575,0.2188237986491009
731,2017-11-27,0.2188237986491009,-0.6441244421950202,0.3166480178068721,-0.6441244421950202,-0.8813996822728359
732,2017-11-28,-0.8813996822728359,-0.7668327829524125,-0.8557668422320663,-0.7668327829524125,-2.0101738356827985
733,2017-11-29,-2.0101738356827985,-2.932559116572781,-0.7940335333427321,-2.932559116572781,0.47861228940592926
734,2017-11-30,0.47861228940592926,0.7450429206257678,0.0907425351347221,0.7450429206257678,0.8951844741900723
735,2017-12-01,0.8951844741900723,-0.7293653807177579,-0.40283452674687226,-0.7293653807177579,0.8295586811050609
736,2017-12-04,0.8295586811050609,-2.417286948215633,-1.6816014993929256,-2.417286948215633,1.8454544560452881
737,2017-12-05,1.8454544560452881,0.11084196478201366,-0.33568969289568296,0.11084196478201366,-0.004688276722149997
738,2017-12-06,-0.004688276722149997,0.20272441307360103,0.17611743806175773,0.20272441307360103,-0.0047147657873009945
739,2017-12-07,-0.0047147657873009945,0.4533331472575744,0.05352063397119329,0.4533331472575744,1.2831083903751772
740,2017-12-08,1.2831083903751772,-0.22462485970347484,-0.28648898882285395,-0.22462485970347484,-0.25088228017677466
741,2017-12-11,-0.25088228017677466,0.5373202710546972,0.48816699798579216,0.5373202710546972,-0.16941106958751148
742,2017-12-12,-0.16941106958751148,-0.913879977730486,-0.6729144871504511,-0.913879977730486,-0.1038573111646916
743,2017-12-13,-0.1038573111646916,-1.1102011636869087,0.4662847198366262,-1.1102011636869087,0.28997661856050116
744,2017-12-14,0.28997661856050116,-0.05786508828299019,0.004573053002967532,-0.05786508828299019,1.2089466689023067
745,2017-12-15,1.2089466689023067,0.9582816401431663,0.33712378480995453,0.9582816401431663,-0.34347518854663994
746,2017-12-18,-0.34347518854663994,1.1837455628974363,1.5326029312758205,1.1837455628974363,-0.6534363053850546
747,2017-12-19,-0.6534363053850546,-0.4840611827532072,-0.10985362301381361,-0.4840611827532072,0.1730981118407884
748,2017-12-20,0.1730981118407884,0.020457878586268383,0.023020514240573768,0.020457878586268383,-0.2330319781418965
749,2017-12-21,-0.2330319781418965,-0.3058000710763422,-0.24327557096138508,-0.3058000710763422,-0.11951253653657053
750,2017-12-22,-0.11951253653657053,-0.2471443983549858,-0.8366701708396913,-0.2471443983549858,0.2544454481079967
751,2017-12-26,0.2544454481079967,0.3223775986167607,-0.22842875175207558,0.3223775986167607,-0.5755072616422048
752,2017-12-27,-0.5755072616422048,-0.1749977820578725,0.11854606038846975,-0.1749977820578725,0.46685975939880675
753,2017-12-28,0.46685975939880675,-0.07350952015351431,0.002660752485870813,-0.07350952015351431,-0.3308010954283836
754,2017-12-29,-0.3308010954283836,-0.9193053161634711,-0.6729609857988907,-0.9193053161634711,
